date,prcp_mm
2021-01-01,0.0
2021-01-02,0.0254
2021-01-03,0.5334
2021-01-04,0.0
2021-01-05,0.0
2021-01-06,0.0
2021-01-07,0.0
2021-01-08,4.0894
2021-01-09,0.0
2021-01-10,0.0
2021-01-11,0.0
2021-01-12,0.0
2021-01-13,0.0
2021-01-14,0.381
2021-01-15,0.0
2021-01-16,0.8127999999999999
2021-01-17,0.0
2021-01-18,0.0
2021-01-19,0.0
2021-01-20,0.0
2021-01-21,0.0
2021-01-22,0.0
2021-01-23,1.8288
2021-01-24,0.0254
2021-01-25,0.0
2021-01-26,0.0
2021-01-27,0.0
2021-01-28,1.016
2021-01-29,0.0
2021-01-30,0.0
2021-01-31,0.0
2021-02-01,5.8674
2021-02-02,0.0
2021-02-03,0.0
2021-02-04,0.0
2021-02-05,0.0
2021-02-06,1.3462
2021-02-07,5.918200000000001
2021-02-08,0.0508
2021-02-09,0.0
2021-02-10,0.0254
2021-02-11,0.0
2021-02-12,0.3048
2021-02-13,15.3162
2021-02-14,27.432
2021-02-15,0.0508
2021-02-16,8.966199999999999
2021-02-17,0.6604
2021-02-18,0.0254
2021-02-19,0.2794
2021-02-20,0.254
2021-02-21,0.0
2021-02-22,0.0508
2021-02-23,0.0508
2021-02-24,0.0
2021-02-25,0.0
2021-02-26,0.0
2021-02-27,0.0
2021-02-28,0.0
2021-03-01,0.0
2021-03-02,1.3462
2021-03-03,11.937999999999999
2021-03-04,0.0
2021-03-05,0.0
2021-03-06,0.1016
2021-03-07,0.0254
2021-03-08,0.0
2021-03-09,0.0
2021-03-10,0.0
2021-03-11,0.0
2021-03-12,0.0
2021-03-13,0.0
2021-03-14,0.0
2021-03-15,0.0
2021-03-16,0.0
2021-03-17,0.0
2021-03-18,0.0254
2021-03-19,0.0508
2021-03-20,0.0508
2021-03-21,0.07619999999999999
2021-03-22,0.9144
2021-03-23,0.0
2021-03-24,0.0
2021-03-25,0.0
2021-03-26,0.0
2021-03-27,0.0
2021-03-28,0.0
2021-03-29,0.0
2021-03-30,0.0254
2021-03-31,0.508
2021-04-01,37.337999999999994
2021-04-02,0.0
2021-04-03,0.0
2021-04-04,0.0
2021-04-05,0.0
2021-04-06,0.0
2021-04-07,0.0
2021-04-08,0.0
2021-04-09,0.0
2021-04-10,6.35
2021-04-11,35.6108
2021-04-12,0.0
2021-04-13,0.0
2021-04-14,0.0
2021-04-15,1.27
2021-04-16,0.0508
2021-04-17,0.0
2021-04-18,0.0508
2021-04-19,17.9832
2021-04-20,64.0588
2021-04-21,0.0
2021-04-22,0.0
2021-04-23,0.0
2021-04-24,0.0
2021-04-25,36.169599999999996
2021-04-26,0.0
2021-04-27,0.0
2021-04-28,0.0
2021-04-29,0.0
2021-04-30,0.0
2021-05-01,0.0
2021-05-02,0.0
2021-05-03,0.0254
2021-05-04,0.0
2021-05-05,3.3528
2021-05-06,0.07619999999999999
2021-05-07,0.0
2021-05-08,0.0
2021-05-09,0.0
2021-05-10,0.0
2021-05-11,0.0
2021-05-12,0.35559999999999997
2021-05-13,0.0
2021-05-14,0.0
2021-05-15,0.0
2021-05-16,0.0
2021-05-17,0.0254
2021-05-18,0.0254
2021-05-19,0.07619999999999999
2021-05-20,0.7619999999999999
2021-05-21,0.1016
2021-05-22,0.07619999999999999
2021-05-23,0.0
2021-05-24,0.0
2021-05-25,0.0
2021-05-26,0.0
2021-05-27,0.0
2021-05-28,0.0
2021-05-29,0.0254
2021-05-30,0.0
2021-05-31,0.0
2021-06-01,0.0
2021-06-02,0.0508
2021-06-03,1.3716
2021-06-04,5.1053999999999995
2021-06-05,1.3716000000000002
2021-06-06,0.0
2021-06-07,0.0254
2021-06-08,0.0
2021-06-09,0.0
2021-06-10,0.0
2021-06-11,0.0
2021-06-12,2.3113999999999995
2021-06-13,8.9408
2021-06-14,22.809199999999997
2021-06-15,3.2512
2021-06-16,4.5974
2021-06-17,0.0
2021-06-18,0.0254
2021-06-19,0.0
2021-06-20,0.07619999999999999
2021-06-21,0.07619999999999999
2021-06-22,25.984199999999998
2021-06-23,20.6248
2021-06-24,3.3019999999999996
2021-06-25,53.136799999999994
2021-06-26,2.8956
2021-06-27,0.07619999999999999
2021-06-28,0.0
2021-06-29,6.959599999999999
2021-06-30,18.8976
2021-07-01,1.27
2021-07-02,3.2258
2021-07-03,15.5702
2021-07-04,0.0
2021-07-05,0.2794
2021-07-06,0.30479999999999996
2021-07-07,17.703799999999998
2021-07-08,10.7188
2021-07-09,2.032
2021-07-10,0.1016
2021-07-11,0.7873999999999999
2021-07-12,2.3367999999999998
2021-07-13,0.0254
2021-07-14,3.0988
2021-07-15,0.0
2021-07-16,0.0
2021-07-17,0.0
2021-07-18,0.30479999999999996
2021-07-19,41.401999999999994
2021-07-20,4.3434
2021-07-21,0.127
2021-07-22,6.858
2021-07-23,13.741399999999999
2021-07-24,0.30479999999999996
2021-07-25,0.0254
2021-07-26,0.0254
2021-07-27,9.7028
2021-07-28,21.615399999999998
2021-07-29,7.391399999999999
2021-07-30,0.254
2021-07-31,0.0
2021-08-01,3.0987999999999998
2021-08-02,13.995399999999998
2021-08-03,0.0254
2021-08-04,4.1402
2021-08-05,0.0
2021-08-06,0.0
2021-08-07,63.2714
2021-08-08,0.2794
2021-08-09,0.0254
2021-08-10,0.0
2021-08-11,15.341599999999998
2021-08-12,0.0254
2021-08-13,1.8034
2021-08-14,1.6256000000000002
2021-08-15,1.5493999999999999
2021-08-16,6.1722
2021-08-17,0.0508
2021-08-18,0.0
2021-08-19,0.0
2021-08-20,14.757399999999999
2021-08-21,0.0254
2021-08-22,0.0508
2021-08-23,0.0
2021-08-24,0.0508
2021-08-25,10.16
2021-08-26,8.9662
2021-08-27,8.026399999999999
2021-08-28,0.0254
2021-08-29,0.0
2021-08-30,0.0
2021-08-31,0.0
2021-09-01,0.1016
2021-09-02,1.3208
2021-09-03,31.013399999999997
2021-09-04,0.0508
2021-09-05,0.0
2021-09-06,7.9248
2021-09-07,4.9276
2021-09-08,28.016199999999998
2021-09-09,20.193
2021-09-10,0.0508
2021-09-11,1.3461999999999998
2021-09-12,3.3782
2021-09-13,0.0508
2021-09-14,6.858
2021-09-15,0.0508
2021-09-16,0.7874
2021-09-17,3.1242
2021-09-18,1.0922
2021-09-19,0.17779999999999999
2021-09-20,6.9088
2021-09-21,1.8796
2021-09-22,0.508
2021-09-23,27.939999999999998
2021-09-24,0.0254
2021-09-25,0.0
2021-09-26,0.0
2021-09-27,0.0
2021-09-28,0.0
2021-09-29,0.0
2021-09-30,0.0
2021-10-01,4.5973999999999995
2021-10-02,0.0
2021-10-03,0.0254
2021-10-04,0.0254
2021-10-05,0.0
2021-10-06,0.0
2021-10-07,0.0254
2021-10-08,9.448799999999999
2021-10-09,0.0
2021-10-10,0.0508
2021-10-11,5.6388
2021-10-12,0.0
2021-10-13,2.3621999999999996
2021-10-14,0.0
2021-10-15,0.0
2021-10-16,0.0
2021-10-17,0.0508
2021-10-18,0.0
2021-10-19,0.0
2021-10-20,0.0
2021-10-21,0.0
2021-10-22,0.0
2021-10-23,0.0
2021-10-24,24.7396
2021-10-25,2.6923999999999997
2021-10-26,0.0
2021-10-27,0.0
2021-10-28,32.029399999999995
2021-10-29,0.30479999999999996
2021-10-30,0.381
2021-10-31,0.0
2021-11-01,0.0
2021-11-02,0.0
2021-11-03,0.0
2021-11-04,0.0
2021-11-05,55.1688
2021-11-06,8.2042
2021-11-07,0.0
2021-11-08,0.0
2021-11-09,0.0
2021-11-10,3.8608
2021-11-11,17.8308
2021-11-12,0.3302
2021-11-13,0.0508
2021-11-14,0.0
2021-11-15,0.0
2021-11-16,0.0
2021-11-17,0.0
2021-11-18,0.5842
2021-11-19,0.6858000000000001
2021-11-20,18.1864
2021-11-21,0.0
2021-11-22,2.8701999999999996
2021-11-23,0.0
2021-11-24,0.0
2021-11-25,0.0
2021-11-26,0.0
2021-11-27,0.0
2021-11-28,0.0
2021-11-29,0.8635999999999999
2021-11-30,0.0
2021-12-01,0.0
2021-12-02,0.0
2021-12-03,0.0
2021-12-04,0.0
2021-12-05,0.0
2021-12-06,0.0
2021-12-07,0.0
2021-12-08,0.0
2021-12-09,0.0
2021-12-10,0.0
2021-12-11,0.0
2021-12-12,0.0254
2021-12-13,0.0
2021-12-14,4.064
2021-12-15,4.9784
2021-12-16,0.1016
2021-12-17,0.0
2021-12-18,0.0
2021-12-19,0.0508
2021-12-20,0.7874
2021-12-21,43.561
2021-12-22,0.1016
2021-12-23,0.0
2021-12-24,0.0
2021-12-25,0.0
2021-12-26,0.0
2021-12-27,0.0
2021-12-28,0.0
2021-12-29,0.0
2021-12-30,0.0
2021-12-31,0.0
2022-01-01,0.0
2022-01-02,0.0
2022-01-03,0.254
2022-01-04,0.0
2022-01-05,0.0
2022-01-06,0.0
2022-01-07,0.127
2022-01-08,0.0
2022-01-09,0.0
2022-01-10,0.0
2022-01-11,0.0
2022-01-12,0.0
2022-01-13,0.0254
2022-01-14,0.0
2022-01-15,0.0
2022-01-16,11.7094
2022-01-17,0.0
2022-01-18,0.0
2022-01-19,0.0
2022-01-20,0.0
2022-01-21,0.0
2022-01-22,1.397
2022-01-23,0.0
2022-01-24,0.0
2022-01-25,2.7432
2022-01-26,6.096
2022-01-27,0.07619999999999999
2022-01-28,2.159
2022-01-29,0.0
2022-01-30,0.0
2022-01-31,0.0
2022-02-01,0.0
2022-02-02,0.0
2022-02-03,0.0
2022-02-04,0.0
2022-02-05,0.127
2022-02-06,0.3048
2022-02-07,0.0
2022-02-08,6.6548
2022-02-09,3.6322
2022-02-10,0.0
2022-02-11,0.0
2022-02-12,0.0
2022-02-13,5.6642
2022-02-14,0.0
2022-02-15,0.0
2022-02-16,0.0254
2022-02-17,1.2953999999999999
2022-02-18,0.0254
2022-02-19,0.0508
2022-02-20,0.0
2022-02-21,0.0
2022-02-22,0.0
2022-02-23,0.0
2022-02-24,0.0
2022-02-25,0.0
2022-02-26,0.0
2022-02-27,0.0
2022-02-28,1.2953999999999999
2022-03-01,0.0
2022-03-02,0.0
2022-03-03,0.0
2022-03-04,0.0
2022-03-05,0.0
2022-03-06,0.0
2022-03-07,0.0
2022-03-08,55.2196
2022-03-09,23.647399999999998
2022-03-10,0.35559999999999997
2022-03-11,0.0254
2022-03-12,14.0208
2022-03-13,0.0
2022-03-14,0.0508
2022-03-15,0.0254
2022-03-16,48.894999999999996
2022-03-17,0.0
2022-03-18,0.0
2022-03-19,0.0
2022-03-20,0.0
2022-03-21,0.0
2022-03-22,0.0
2022-03-23,0.1016
2022-03-24,3.937
2022-03-25,0.1016
2022-03-26,0.0
2022-03-27,0.0
2022-03-28,0.0
2022-03-29,0.0
2022-03-30,0.0
2022-03-31,0.0
2022-04-01,43.7388
2022-04-02,35.12819999999999
2022-04-03,0.8128
2022-04-04,0.0
2022-04-05,0.0
2022-04-06,0.0
2022-04-07,33.274
2022-04-08,0.0
2022-04-09,0.0
2022-04-10,0.0
2022-04-11,0.0
2022-04-12,0.0
2022-04-13,0.0
2022-04-14,0.0
2022-04-15,5.130799999999999
2022-04-16,0.0
2022-04-17,0.0
2022-04-18,15.2654
2022-04-19,0.0
2022-04-20,0.0
2022-04-21,0.0
2022-04-22,0.07619999999999999
2022-04-23,0.0508
2022-04-24,0.0
2022-04-25,0.0
2022-04-26,0.0
2022-04-27,0.0
2022-04-28,0.0
2022-04-29,0.0
2022-04-30,0.0
2022-05-01,0.0
2022-05-02,0.0
2022-05-03,0.0
2022-05-04,0.0
2022-05-05,0.0
2022-05-06,0.0
2022-05-07,1.7779999999999998
2022-05-08,0.0
2022-05-09,0.0
2022-05-10,0.0
2022-05-11,0.0
2022-05-12,0.0
2022-05-13,7.620000000000001
2022-05-14,1.5747999999999998
2022-05-15,0.0
2022-05-16,7.62
2022-05-17,0.0
2022-05-18,0.3048
2022-05-19,0.0
2022-05-20,5.715
2022-05-21,19.8628
2022-05-22,10.414
2022-05-23,0.0
2022-05-24,0.0
2022-05-25,0.0
2022-05-26,0.0254
2022-05-27,0.0
2022-05-28,0.0
2022-05-29,0.07619999999999999
2022-05-30,0.0254
2022-05-31,0.0254
2022-06-01,0.0508
2022-06-02,0.0
2022-06-03,0.07619999999999999
2022-06-04,8.1026
2022-06-05,5.1054
2022-06-06,0.0508
2022-06-07,0.0
2022-06-08,19.126199999999997
2022-06-09,0.0508
2022-06-10,9.448799999999999
2022-06-11,7.9502
2022-06-12,12.5476
2022-06-13,0.0508
2022-06-14,0.0
2022-06-15,5.334
2022-06-16,0.0
2022-06-17,0.0
2022-06-18,0.35559999999999997
2022-06-19,1.5493999999999999
2022-06-20,0.0254
2022-06-21,0.0
2022-06-22,0.0
2022-06-23,3.3019999999999996
2022-06-24,36.093399999999995
2022-06-25,0.1016
2022-06-26,5.4356
2022-06-27,4.343399999999999
2022-06-28,0.0
2022-06-29,0.0
2022-06-30,0.0508
2022-07-01,0.7873999999999999
2022-07-02,0.15239999999999998
2022-07-03,2.159
2022-07-04,0.0
2022-07-05,0.0254
2022-07-06,0.508
2022-07-07,0.0
2022-07-08,0.0508
2022-07-09,0.0254
2022-07-10,14.7828
2022-07-11,0.8127999999999999
2022-07-12,0.0254
2022-07-13,1.016
2022-07-14,0.3048
2022-07-15,0.0
2022-07-16,5.9436
2022-07-17,0.3048
2022-07-18,0.0254
2022-07-19,4.851399999999999
2022-07-20,26.441399999999998
2022-07-21,0.2794
2022-07-22,0.0
2022-07-23,47.49799999999999
2022-07-24,0.0
2022-07-25,0.8635999999999999
2022-07-26,12.5476
2022-07-27,0.0
2022-07-28,0.2794
2022-07-29,0.0
2022-07-30,0.0
2022-07-31,0.8128
2022-08-01,0.0
2022-08-02,44.5008
2022-08-03,0.2794
2022-08-04,0.0
2022-08-05,1.27
2022-08-06,16.3068
2022-08-07,0.0254
2022-08-08,9.220199999999998
2022-08-09,11.9888
2022-08-10,0.0508
2022-08-11,11.709399999999999
2022-08-12,0.0508
2022-08-13,0.3302
2022-08-14,14.757399999999999
2022-08-15,0.0
2022-08-16,0.0
2022-08-17,0.0
2022-08-18,0.127
2022-08-19,22.402799999999996
2022-08-20,5.1308
2022-08-21,0.0508
2022-08-22,0.0
2022-08-23,0.07619999999999999
2022-08-24,0.0254
2022-08-25,0.254
2022-08-26,9.4742
2022-08-27,11.0236
2022-08-28,4.622799999999999
2022-08-29,27.5336
2022-08-30,0.0508
2022-08-31,15.011399999999998
2022-09-01,25.273
2022-09-02,0.127
2022-09-03,0.0508
2022-09-04,0.0508
2022-09-05,0.0
2022-09-06,0.0
2022-09-07,4.6735999999999995
2022-09-08,15.0368
2022-09-09,11.2014
2022-09-10,1.2953999999999999
2022-09-11,0.0508
2022-09-12,1.3208
2022-09-13,0.0
2022-09-14,19.5834
2022-09-15,1.8034
2022-09-16,3.9115999999999995
2022-09-17,13.106399999999999
2022-09-18,0.0254
2022-09-19,85.09
2022-09-20,30.860999999999997
2022-09-21,10.286999999999999
2022-09-22,0.0
2022-09-23,11.963399999999998
2022-09-24,0.0
2022-09-25,0.0
2022-09-26,0.0
2022-09-27,0.07619999999999999
2022-09-28,72.9742
2022-09-29,262.5344
2022-09-30,0.0
2022-10-01,0.0
2022-10-02,0.0
2022-10-03,0.0
2022-10-04,0.0
2022-10-05,0.0
2022-10-06,0.0
2022-10-07,0.0
2022-10-08,0.0
2022-10-09,0.0
2022-10-10,0.0
2022-10-11,0.0
2022-10-12,0.0254
2022-10-13,0.07619999999999999
2022-10-14,0.0
2022-10-15,0.0
2022-10-16,0.0
2022-10-17,8.636
2022-10-18,0.0
2022-10-19,0.07619999999999999
2022-10-20,0.0
2022-10-21,0.0
2022-10-22,0.0
2022-10-23,0.0
2022-10-24,0.0
2022-10-25,0.0
2022-10-26,0.0
2022-10-27,0.0
2022-10-28,46.02479999999999
2022-10-29,0.0
2022-10-30,0.0
2022-10-31,0.0
2022-11-01,0.0
2022-11-02,0.0
2022-11-03,1.8034000000000001
2022-11-04,0.0508
2022-11-05,0.07619999999999999
2022-11-06,0.5841999999999999
2022-11-07,0.0508
2022-11-08,20.32
2022-11-09,13.6144
2022-11-10,66.5226
2022-11-11,0.0508
2022-11-12,0.0
2022-11-13,0.07619999999999999
2022-11-14,0.0
2022-11-15,0.0
2022-11-16,0.0
2022-11-17,0.0
2022-11-18,0.0508
2022-11-19,0.0
2022-11-20,5.6642
2022-11-21,1.4732
2022-11-22,0.2032
2022-11-23,0.17779999999999999
2022-11-24,0.127
2022-11-25,0.0
2022-11-26,0.0
2022-11-27,0.0
2022-11-28,0.0
2022-11-29,0.0
2022-11-30,0.0
2022-12-01,0.0
2022-12-02,0.0
2022-12-03,0.0
2022-12-04,0.0
2022-12-05,0.0
2022-12-06,0.0
2022-12-07,0.0
2022-12-08,0.0
2022-12-09,0.0
2022-12-10,0.0
2022-12-11,0.0
2022-12-12,0.0
2022-12-13,0.635
2022-12-14,0.254
2022-12-15,13.4874
2022-12-16,0.15239999999999998
2022-12-17,0.0
2022-12-18,1.2954
2022-12-19,0.0
2022-12-20,0.3048
2022-12-21,7.442200000000001
2022-12-22,1.6001999999999998
2022-12-23,0.0508
2022-12-24,0.0
2022-12-25,0.0
2022-12-26,0.0
2022-12-27,0.0
2022-12-28,0.0
2022-12-29,0.0
2022-12-30,0.0
2022-12-31,0.0
2023-01-01,0.0508
2023-01-02,0.0
2023-01-03,0.0
2023-01-04,0.0
2023-01-05,2.6416
2023-01-06,0.0
2023-01-07,0.0
2023-01-08,0.0
2023-01-09,0.0
2023-01-10,0.0
2023-01-11,0.0
2023-01-12,0.0
2023-01-13,19.6342
2023-01-14,0.0
2023-01-15,0.0
2023-01-16,0.0
2023-01-17,0.0
2023-01-18,0.0
2023-01-19,0.0
2023-01-20,0.0254
2023-01-21,0.0254
2023-01-22,0.0
2023-01-23,0.3048
2023-01-24,0.0
2023-01-25,0.0
2023-01-26,3.4035999999999995
2023-01-27,0.0
2023-01-28,0.0
2023-01-29,0.0
2023-01-30,0.0
2023-01-31,0.0
2023-02-01,0.0
2023-02-02,0.0
2023-02-03,5.587999999999999
2023-02-04,0.0
2023-02-05,0.0
2023-02-06,0.0
2023-02-07,0.0
2023-02-08,0.0
2023-02-09,0.0
2023-02-10,4.6736
2023-02-11,2.0828
2023-02-12,1.9557999999999998
2023-02-13,0.0
2023-02-14,0.0
2023-02-15,0.0
2023-02-16,0.0
2023-02-17,0.0
2023-02-18,0.0508
2023-02-19,0.0
2023-02-20,0.0
2023-02-21,0.0
2023-02-22,0.0
2023-02-23,0.0
2023-02-24,0.0
2023-02-25,0.0
2023-02-26,0.0
2023-02-27,0.0
2023-02-28,0.0
2023-03-01,0.0254
2023-03-02,0.0
2023-03-03,0.0
2023-03-04,0.0
2023-03-05,0.0
2023-03-06,0.0
2023-03-07,0.0254
2023-03-08,0.0
2023-03-09,0.0
2023-03-10,0.0
2023-03-11,0.0508
2023-03-12,0.0
2023-03-13,3.8608000000000002
2023-03-14,0.0
2023-03-15,0.0
2023-03-16,0.0
2023-03-17,0.0
2023-03-18,0.0
2023-03-19,0.0508
2023-03-20,0.1016
2023-03-21,0.0
2023-03-22,0.0
2023-03-23,0.0
2023-03-24,0.0
2023-03-25,0.07619999999999999
2023-03-26,0.0
2023-03-27,0.0
2023-03-28,0.0
2023-03-29,0.0
2023-03-30,0.0
2023-03-31,0.0
2023-04-01,0.0
2023-04-02,0.0
2023-04-03,0.0
2023-04-04,0.0
2023-04-05,0.0
2023-04-06,0.0
2023-04-07,0.0
2023-04-08,0.3048
2023-04-09,0.15239999999999998
2023-04-10,2.8194
2023-04-11,0.0254
2023-04-12,0.15239999999999998
2023-04-13,0.127
2023-04-14,0.2794
2023-04-15,0.0
2023-04-16,3.1242
2023-04-17,17.8054
2023-04-18,0.0
2023-04-19,0.0
2023-04-20,0.0
2023-04-21,0.0
2023-04-22,0.0
2023-04-23,0.0
2023-04-24,0.0254
2023-04-25,1.0413999999999999
2023-04-26,0.0
2023-04-27,1.5747999999999998
2023-04-28,7.1882
2023-04-29,46.7614
2023-04-30,12.242799999999999
2023-05-01,0.0
2023-05-02,0.0
2023-05-03,0.0
2023-05-04,0.0
2023-05-05,0.0
2023-05-06,0.0
2023-05-07,0.0
2023-05-08,0.0
2023-05-09,0.0
2023-05-10,0.0
2023-05-11,0.0254
2023-05-12,0.0254
2023-05-13,0.3302
2023-05-14,0.0
2023-05-15,0.0
2023-05-16,0.0
2023-05-17,0.0
2023-05-18,77.2414
2023-05-19,17.8054
2023-05-20,0.1016
2023-05-21,8.889999999999999
2023-05-22,27.711399999999998
2023-05-23,17.0434
2023-05-24,8.7376
2023-05-25,0.0
2023-05-26,0.127
2023-05-27,0.0
2023-05-28,0.0
2023-05-29,0.0
2023-05-30,0.0
2023-05-31,0.0254
2023-06-01,0.4318
2023-06-02,0.0
2023-06-03,4.698999999999999
2023-06-04,0.0
2023-06-05,0.0
2023-06-06,0.0
2023-06-07,8.001000000000001
2023-06-08,0.8128
2023-06-09,2.2859999999999996
2023-06-10,40.1828
2023-06-11,7.874
2023-06-12,0.0
2023-06-13,0.0
2023-06-14,0.0
2023-06-15,4.064
2023-06-16,2.3621999999999996
2023-06-17,16.0274
2023-06-18,8.6868
2023-06-19,0.0
2023-06-20,12.115799999999998
2023-06-21,2.8956
2023-06-22,30.810199999999995
2023-06-23,0.1016
2023-06-24,3.302
2023-06-25,11.048999999999998
2023-06-26,0.0
2023-06-27,0.0
2023-06-28,5.6134
2023-06-29,28.955999999999996
2023-06-30,0.0
2023-07-01,0.0
2023-07-02,0.0
2023-07-03,0.0
2023-07-04,14.985999999999999
2023-07-05,0.3302
2023-07-06,0.0
2023-07-07,11.531600000000001
2023-07-08,0.6095999999999999
2023-07-09,0.0
2023-07-10,7.1373999999999995
2023-07-11,0.5842
2023-07-12,0.07619999999999999
2023-07-13,0.0
2023-07-14,4.6228
2023-07-15,1.6001999999999998
2023-07-16,28.7782
2023-07-17,2.794
2023-07-18,36.576
2023-07-19,0.5588
2023-07-20,0.0
2023-07-21,0.0508
2023-07-22,0.0254
2023-07-23,0.5588
2023-07-24,0.0254
2023-07-25,0.0254
2023-07-26,0.8382000000000001
2023-07-27,1.0413999999999999
2023-07-28,0.0
2023-07-29,0.0508
2023-07-30,16.509999999999998
2023-07-31,44.2468
2023-08-01,0.0254
2023-08-02,0.0
2023-08-03,0.0254
2023-08-04,0.0254
2023-08-05,0.0
2023-08-06,18.8214
2023-08-07,0.0
2023-08-08,0.0
2023-08-09,0.0
2023-08-10,1.5747999999999998
2023-08-11,0.0
2023-08-12,0.0
2023-08-13,0.0
2023-08-14,0.0
2023-08-15,25.653999999999996
2023-08-16,10.1854
2023-08-17,41.42739999999999
2023-08-18,0.0508
2023-08-19,0.0508
2023-08-20,0.8635999999999999
2023-08-21,0.0
2023-08-22,0.0
2023-08-23,0.0
2023-08-24,0.0254
2023-08-25,0.0
2023-08-26,0.0
2023-08-27,12.471399999999997
2023-08-28,0.0
2023-08-29,0.5588
2023-08-30,64.6938
2023-08-31,30.810200000000002
2023-09-01,40.66539999999999
2023-09-02,3.0988
2023-09-03,0.0
2023-09-04,0.0
2023-09-05,0.0
2023-09-06,0.0
2023-09-07,0.0
2023-09-08,22.656799999999997
2023-09-09,0.0
2023-09-10,0.0
2023-09-11,0.0
2023-09-12,62.99199999999999
2023-09-13,0.0254
2023-09-14,0.0254
2023-09-15,0.0254
2023-09-16,1.3208
2023-09-17,0.0254
2023-09-18,0.0
2023-09-19,0.0
2023-09-20,3.5814
2023-09-21,10.9474
2023-09-22,0.0
2023-09-23,0.0
2023-09-24,0.0
2023-09-25,6.8834
2023-09-26,4.3688
2023-09-27,18.5674
2023-09-28,10.236199999999998
2023-09-29,1.5493999999999999
2023-09-30,0.1016
2023-10-01,38.633399999999995
2023-10-02,0.5334
2023-10-03,0.07619999999999999
2023-10-04,1.1938
2023-10-05,3.9623999999999997
2023-10-06,0.0254
2023-10-07,0.0
2023-10-08,0.0
2023-10-09,0.0
2023-10-10,0.0
2023-10-11,5.6642
2023-10-12,2.4638
2023-10-13,0.7873999999999999
2023-10-14,0.0
2023-10-15,0.0
2023-10-16,0.0
2023-10-17,0.0
2023-10-18,0.0
2023-10-19,0.0
2023-10-20,0.0
2023-10-21,0.0
2023-10-22,0.0
2023-10-23,0.0
2023-10-24,0.0
2023-10-25,0.0508
2023-10-26,0.0254
2023-10-27,0.07619999999999999
2023-10-28,0.0
2023-10-29,0.0
2023-10-30,0.0
2023-10-31,0.0
2023-11-01,0.0
2023-11-02,0.0
2023-11-03,0.07619999999999999
2023-11-04,0.0
2023-11-05,0.0
2023-11-06,0.0
2023-11-07,0.0
2023-11-08,0.0
2023-11-09,0.0
2023-11-10,0.0
2023-11-11,2.8194
2023-11-12,0.127
2023-11-13,0.127
2023-11-14,1.8542
2023-11-15,5.4102
2023-11-16,58.52159999999999
2023-11-17,58.8518
2023-11-18,0.9398
2023-11-19,0.0
2023-11-20,0.0
2023-11-21,0.0
2023-11-22,1.0668
2023-11-23,0.0
2023-11-24,0.2032
2023-11-25,0.1016
2023-11-26,3.4543999999999997
2023-11-27,0.2794
2023-11-28,0.0
2023-11-29,0.0
2023-11-30,0.0
2023-12-01,0.0508
2023-12-02,0.0254
2023-12-03,0.0508
2023-12-04,0.0508
2023-12-05,0.0
2023-12-06,0.0
2023-12-07,0.0
2023-12-08,0.0
2023-12-09,0.0508
2023-12-10,5.8420000000000005
2023-12-11,2.032
2023-12-12,0.0
2023-12-13,0.0254
2023-12-14,0.0
2023-12-15,0.0254
2023-12-16,32.8422
2023-12-17,41.300399999999996
2023-12-18,0.0
2023-12-19,0.0
2023-12-20,0.0
2023-12-21,0.0
2023-12-22,0.0
2023-12-23,0.0508
2023-12-24,0.3556
2023-12-25,0.127
2023-12-26,1.0668
2023-12-27,0.0
2023-12-28,10.2108
2023-12-29,0.0
2023-12-30,0.0
2023-12-31,0.0
2024-01-01,0.0
2024-01-02,0.0
2024-01-03,0.0
2024-01-04,0.4572
2024-01-05,0.0
2024-01-06,14.7828
2024-01-07,2.5653999999999995
2024-01-08,0.0254
2024-01-09,5.6642
2024-01-10,6.3754
2024-01-11,0.0
2024-01-12,2.921
2024-01-13,0.3048
2024-01-14,2.0827999999999998
2024-01-15,0.5841999999999999
2024-01-16,1.6001999999999998
2024-01-17,0.508
2024-01-18,1.5493999999999999
2024-01-19,1.9811999999999999
2024-01-20,0.0
2024-01-21,0.0
2024-01-22,0.0
2024-01-23,0.0508
2024-01-24,0.0
2024-01-25,0.0
2024-01-26,0.0
2024-01-27,0.0
2024-01-28,0.2794
2024-01-29,0.0
2024-01-30,0.0
2024-01-31,0.0
2024-02-01,0.0
2024-02-02,0.0
2024-02-03,0.0
2024-02-04,0.6096
2024-02-05,0.07619999999999999
2024-02-06,0.0
2024-02-07,0.0
2024-02-08,0.0
2024-02-09,0.0
2024-02-10,0.0
2024-02-11,0.0
2024-02-12,0.0254
2024-02-13,1.0414
2024-02-14,0.0
2024-02-15,0.0
2024-02-16,0.0
2024-02-17,10.541
2024-02-18,42.164
2024-02-19,4.445
2024-02-20,0.0
2024-02-21,0.0
2024-02-22,0.0
2024-02-23,0.0
2024-02-24,2.794
2024-02-25,0.0
2024-02-26,0.0
2024-02-27,0.0
2024-02-28,0.0
2024-02-29,0.0508
2024-03-01,0.0
2024-03-02,0.0
2024-03-03,8.407399999999999
2024-03-04,0.0
2024-03-05,0.0
2024-03-06,2.1082
2024-03-07,0.0
2024-03-08,0.0
2024-03-09,0.0
2024-03-10,0.3302
2024-03-11,0.0
2024-03-12,0.0
2024-03-13,0.0254
2024-03-14,0.0254
2024-03-15,0.0
2024-03-16,0.0
2024-03-17,0.0
2024-03-18,0.07619999999999999
2024-03-19,0.0
2024-03-20,0.0
2024-03-21,0.0
2024-03-22,24.003
2024-03-23,0.0508
2024-03-24,0.8382000000000001
2024-03-25,0.0
2024-03-26,0.0
2024-03-27,0.0
2024-03-28,0.30479999999999996
2024-03-29,0.0
2024-03-30,0.0
2024-03-31,0.0
2024-04-01,0.0
2024-04-02,0.0
2024-04-03,16.256
2024-04-04,7.3914
2024-04-05,0.0
2024-04-06,0.0
2024-04-07,0.0
2024-04-08,0.0
2024-04-09,0.0
2024-04-10,0.0
2024-04-11,9.702800000000002
2024-04-12,0.0
2024-04-13,0.0
2024-04-14,0.0
2024-04-15,0.0
2024-04-16,0.0
2024-04-17,0.0
2024-04-18,0.0
2024-04-19,0.0
2024-04-20,0.0
2024-04-21,0.0
2024-04-22,3.5814
2024-04-23,0.0
2024-04-24,0.0
2024-04-25,0.0
2024-04-26,0.0
2024-04-27,0.0254
2024-04-28,0.0508
2024-04-29,0.0
2024-04-30,0.0
2024-05-01,0.0
2024-05-02,0.0
2024-05-03,0.0
2024-05-04,1.016
2024-05-05,0.0
2024-05-06,0.0254
2024-05-07,0.0
2024-05-08,0.0
2024-05-09,0.0
2024-05-10,0.0
2024-05-11,12.446
2024-05-12,0.0254
2024-05-13,4.3688
2024-05-14,6.9088
2024-05-15,3.3781999999999996
2024-05-16,0.0
2024-05-17,7.8994
2024-05-18,1.8542
2024-05-19,0.0
2024-05-20,0.0
2024-05-21,0.0
2024-05-22,0.0
2024-05-23,0.0
2024-05-24,0.0
2024-05-25,1.5493999999999999
2024-05-26,0.0
2024-05-27,0.0
2024-05-28,6.6548
2024-05-29,0.0
2024-05-30,0.0
2024-05-31,0.0
2024-06-01,0.0
2024-06-02,0.0
2024-06-03,0.0
2024-06-04,0.0
2024-06-05,0.0
2024-06-06,21.3614
2024-06-07,1.27
2024-06-08,0.0
2024-06-09,0.0508
2024-06-10,0.0
2024-06-11,18.669
2024-06-12,1.9304000000000001
2024-06-13,0.7873999999999999
2024-06-14,0.0508
2024-06-15,0.0254
2024-06-16,0.0
2024-06-17,1.524
2024-06-18,0.15239999999999998
2024-06-19,23.4188
2024-06-20,0.4064
2024-06-21,3.6576000000000004
2024-06-22,0.0254
2024-06-23,7.924799999999999
2024-06-24,0.0
2024-06-25,33.019999999999996
2024-06-26,15.265399999999998
2024-06-27,0.5588
2024-06-28,9.1694
2024-06-29,22.098
2024-06-30,2.0574
2024-07-01,0.0
2024-07-02,0.0
2024-07-03,0.0
2024-07-04,4.851400000000001
2024-07-05,0.0
2024-07-06,0.0
2024-07-07,0.0
2024-07-08,43.18
2024-07-09,4.6736
2024-07-10,0.0
2024-07-11,0.8128
2024-07-12,0.0
2024-07-13,0.5334
2024-07-14,7.1373999999999995
2024-07-15,9.194799999999999
2024-07-16,4.0893999999999995
2024-07-17,0.0
2024-07-18,0.0
2024-07-19,0.0
2024-07-20,0.0
2024-07-21,0.0
2024-07-22,0.0
2024-07-23,0.0
2024-07-24,0.0254
2024-07-25,1.778
2024-07-26,0.0254
2024-07-27,6.654799999999999
2024-07-28,34.3154
2024-07-29,2.794
2024-07-30,0.0254
2024-07-31,2.5654
2024-08-01,0.3302
2024-08-02,1.3208
2024-08-03,0.15239999999999998
2024-08-04,11.049
2024-08-05,16.4084
2024-08-06,12.5222
2024-08-07,0.0
2024-08-08,0.0
2024-08-09,1.8796000000000002
2024-08-10,1.8542
2024-08-11,0.35559999999999997
2024-08-12,11.048999999999998
2024-08-13,0.0
2024-08-14,0.0
2024-08-15,0.0508
2024-08-16,0.0
2024-08-17,0.0
2024-08-18,0.0
2024-08-19,0.0
2024-08-20,0.07619999999999999
2024-08-21,22.6568
2024-08-22,14.5034
2024-08-23,0.0
2024-08-24,72.898
2024-08-25,0.0508
2024-08-26,8.9154
2024-08-27,0.0
2024-08-28,0.127
2024-08-29,13.741399999999999
2024-08-30,0.0254
2024-08-31,0.0254
2024-09-01,0.0
2024-09-02,2.54
2024-09-03,0.0
2024-09-04,2.794
2024-09-05,0.0508
2024-09-06,0.0508
2024-09-07,0.0254
2024-09-08,0.0
2024-09-09,18.542
2024-09-10,0.0
2024-09-11,0.508
2024-09-12,1.8287999999999998
2024-09-13,0.0254
2024-09-14,0.0
2024-09-15,0.0
2024-09-16,0.0254
2024-09-17,0.0
2024-09-18,0.0
2024-09-19,0.0
2024-09-20,0.0
2024-09-21,0.0
2024-09-22,0.0
2024-09-23,0.0
2024-09-24,0.0
2024-09-25,0.0
2024-09-26,0.5334
2024-09-27,2.3368
2024-09-28,0.0
2024-09-29,0.0
2024-09-30,0.0
2024-10-01,0.0
2024-10-02,0.0
2024-10-03,0.07619999999999999
2024-10-04,0.0
2024-10-05,0.0
2024-10-06,0.7619999999999999
2024-10-07,0.0254
2024-10-08,0.0
2024-10-09,68.60539999999999
2024-10-10,28.219399999999997
2024-10-11,0.0
2024-10-12,0.0
2024-10-13,0.0
2024-10-14,0.0
2024-10-15,0.0
2024-10-16,0.0
2024-10-17,0.0
2024-10-18,0.0
2024-10-19,0.0
2024-10-20,0.0
2024-10-21,0.2794
2024-10-22,0.0
2024-10-23,0.0
2024-10-24,0.0
2024-10-25,0.0
2024-10-26,0.0
2024-10-27,0.0
2024-10-28,0.0
2024-10-29,0.0254
2024-10-30,0.0254
2024-10-31,0.0
2024-11-01,0.2794
2024-11-02,0.0508
2024-11-03,0.0
2024-11-04,0.6096
2024-11-05,0.07619999999999999
2024-11-06,3.1496
2024-11-07,0.0
2024-11-08,0.0
2024-11-09,0.0
2024-11-10,0.0
2024-11-11,0.0
2024-11-12,0.0
2024-11-13,0.0
2024-11-14,0.0
2024-11-15,0.0
2024-11-16,0.0
2024-11-17,0.0
2024-11-18,0.0
2024-11-19,0.0
2024-11-20,0.1016
2024-11-21,0.0
2024-11-22,0.0
2024-11-23,0.0
2024-11-24,0.0
2024-11-25,0.0
2024-11-26,0.0
2024-11-27,0.0
2024-11-28,0.0
2024-11-29,1.0414
2024-11-30,0.0254
2024-12-01,0.0
2024-12-02,0.0
2024-12-03,0.0
2024-12-04,0.0
2024-12-05,0.0
2024-12-06,0.0254
2024-12-07,0.0
2024-12-08,0.0
2024-12-09,0.0
2024-12-10,0.0
2024-12-11,0.5334
2024-12-12,0.0
2024-12-13,0.0
2024-12-14,0.0
2024-12-15,0.0
2024-12-16,2.3621999999999996
2024-12-17,8.128
2024-12-18,0.0254
2024-12-19,0.0
2024-12-20,0.0
2024-12-21,0.0
2024-12-22,0.0
2024-12-23,0.0
2024-12-24,0.0
2024-12-25,0.0
2024-12-26,0.0254
2024-12-27,0.0254
2024-12-28,0.0254
2024-12-29,0.7873999999999999
2024-12-30,0.0
2024-12-31,7.6453999999999995
2025-01-01,0.0
2025-01-02,0.0
2025-01-03,0.0
2025-01-04,0.0
2025-01-05,0.0
2025-01-06,0.0254
2025-01-07,0.0254
2025-01-08,0.0
2025-01-09,0.0
2025-01-10,0.0
2025-01-11,0.5588
2025-01-12,0.0
2025-01-13,0.0
2025-01-14,0.15239999999999998
2025-01-15,0.0
2025-01-16,0.0
2025-01-17,0.0
2025-01-18,0.508
2025-01-19,10.1854
2025-01-20,0.0
2025-01-21,6.095999999999999
2025-01-22,7.9248
2025-01-23,0.0
2025-01-24,0.07619999999999999
2025-01-25,0.0
2025-01-26,0.0
2025-01-27,0.0
2025-01-28,0.0
2025-01-29,0.0
2025-01-30,0.0
2025-01-31,0.0
2025-02-01,0.0
2025-02-02,0.07619999999999999
2025-02-03,0.0
2025-02-04,0.0
2025-02-05,0.0
2025-02-06,0.0
2025-02-07,0.0
2025-02-08,0.0
2025-02-09,0.0
2025-02-10,0.0
2025-02-11,0.0
2025-02-12,0.0
2025-02-13,0.0
2025-02-14,0.0
2025-02-15,0.2794
2025-02-16,0.0
2025-02-17,0.0
2025-02-18,0.0
2025-02-19,0.0
2025-02-20,0.0254
2025-02-21,0.0
2025-02-22,0.0
2025-02-23,0.0
2025-02-24,5.3594
2025-02-25,1.0413999999999999
2025-02-26,0.0
2025-02-27,0.0
2025-02-28,0.0
2025-03-01,0.0
2025-03-02,0.0
2025-03-03,0.0
2025-03-04,0.0
2025-03-05,2.6161999999999996
2025-03-06,0.0
2025-03-07,0.0
2025-03-08,0.0
2025-03-09,0.0508
2025-03-10,1.6001999999999998
2025-03-11,0.0
2025-03-12,0.0
2025-03-13,0.0
2025-03-14,0.0
2025-03-15,0.0
2025-03-16,0.2794
2025-03-17,0.1016
2025-03-18,0.0
2025-03-19,0.0
2025-03-20,0.0
2025-03-21,0.0
2025-03-22,0.0
2025-03-23,0.0
2025-03-24,0.0
2025-03-25,0.0254
2025-03-26,0.0
2025-03-27,0.0
2025-03-28,0.0
2025-03-29,0.0
2025-03-30,15.8242
2025-03-31,0.0508
2025-04-01,0.0
2025-04-02,6.8580000000000005
2025-04-03,0.0
2025-04-04,0.0
2025-04-05,0.0
2025-04-06,0.0
2025-04-07,0.0254
2025-04-08,1.524
2025-04-09,0.0
2025-04-10,0.0
2025-04-11,0.0
2025-04-12,0.3302
2025-04-13,0.0
2025-04-14,0.0
2025-04-15,0.0
2025-04-16,0.0
2025-04-17,0.0
2025-04-18,0.0
2025-04-19,0.0
2025-04-20,0.0
2025-04-21,0.0
2025-04-22,0.0
2025-04-23,0.0
2025-04-24,0.0
2025-04-25,0.0
2025-04-26,0.0
2025-04-27,0.0
2025-04-28,0.0
2025-04-29,0.0254
2025-04-30,0.0
2025-05-01,0.0
2025-05-02,0.0
2025-05-03,0.0
2025-05-04,22.8854
2025-05-05,0.0254
2025-05-06,5.1562
2025-05-07,0.0
2025-05-08,44.526199999999996
2025-05-09,4.3434
2025-05-10,19.8374
2025-05-11,6.4008
2025-05-12,94.15779999999998
2025-05-13,0.0254
2025-05-14,0.0
2025-05-15,0.0
2025-05-16,0.0
2025-05-17,0.0
2025-05-18,0.0
2025-05-19,0.0
2025-05-20,0.0254
2025-05-21,0.0
2025-05-22,0.0
2025-05-23,0.0
2025-05-24,0.1016
2025-05-25,4.876799999999999
2025-05-26,7.4168
2025-05-27,42.697399999999995
2025-05-28,13.487400000000001
2025-05-29,2.54
2025-05-30,37.592
2025-05-31,24.9428
2025-06-01,0.0
2025-06-02,0.0
2025-06-03,0.9144
2025-06-04,15.874999999999996
2025-06-05,0.0254
2025-06-06,0.8381999999999998
2025-06-07,0.0508
2025-06-08,0.508
2025-06-09,0.0
2025-06-10,0.0254
2025-06-11,3.3528000000000002
2025-06-12,0.0254
2025-06-13,0.0
2025-06-14,0.0
2025-06-15,0.0
2025-06-16,0.0
2025-06-17,27.4574
2025-06-18,0.3302
2025-06-19,0.07619999999999999
2025-06-20,0.8127999999999999
2025-06-21,0.0
2025-06-22,8.4582
2025-06-23,0.508
2025-06-24,0.0
2025-06-25,0.0
2025-06-26,0.0254
2025-06-27,41.935399999999994
2025-06-28,2.0574
2025-06-29,16.509999999999998
2025-06-30,0.254
2025-07-01,3.0733999999999995
2025-07-02,2.54
2025-07-03,62.66180000000001
2025-07-04,9.7028
2025-07-05,1.3969999999999998
2025-07-06,0.2794
2025-07-07,0.2794
2025-07-08,0.0254
2025-07-09,14.503399999999997
2025-07-10,0.0254
2025-07-11,0.0
2025-07-12,0.0254
2025-07-13,0.2794
2025-07-14,9.448799999999999
2025-07-15,14.5796
2025-07-16,24.714199999999998
2025-07-17,0.3048
2025-07-18,0.0508
2025-07-19,0.0
2025-07-20,15.544799999999997
2025-07-21,0.0
2025-07-22,0.5588
2025-07-23,12.268199999999998
2025-07-24,3.3019999999999996
2025-07-25,0.0508
2025-07-26,0.0
2025-07-27,0.0
2025-07-28,0.0
2025-07-29,0.0
2025-07-30,34.797999999999995
2025-07-31,31.5722
2025-08-01,16.256
2025-08-02,1.27
2025-08-03,1.778
2025-08-04,7.6453999999999995
2025-08-05,8.9154
2025-08-06,3.8608
2025-08-07,1.0413999999999999
2025-08-08,1.3207999999999998
2025-08-09,2.9717999999999996
2025-08-10,0.3556
2025-08-11,0.07619999999999999
2025-08-12,1.0414
2025-08-13,0.0
2025-08-14,6.4262
2025-08-15,4.1148
2025-08-16,0.0
2025-08-17,12.7
2025-08-18,18.287999999999997
2025-08-19,3.5814000000000004
2025-08-20,9.906
2025-08-21,17.78
2025-08-22,16.3068
2025-08-23,15.849599999999999
2025-08-24,0.35559999999999997
2025-08-25,0.07619999999999999
2025-08-26,0.3048
2025-08-27,26.162
2025-08-28,4.3688
2025-08-29,10.9728
2025-08-30,0.0
2025-08-31,3.1495999999999995
2025-09-01,0.2286
2025-09-02,0.0
2025-09-03,0.0254
2025-09-04,0.0
2025-09-05,0.0
2025-09-06,30.733999999999998
2025-09-07,12.750799999999998
2025-09-08,57.734199999999994
2025-09-09,56.2102
2025-09-10,1.651
2025-09-11,0.0
2025-09-12,0.0
2025-09-13,0.0
2025-09-14,0.0
2025-09-15,0.0
2025-09-16,0.0254
2025-09-17,2.6161999999999996
2025-09-18,0.0
2025-09-19,0.0
2025-09-20,0.0
2025-09-21,0.0
2025-09-22,0.0
2025-09-23,0.0
2025-09-24,0.07619999999999999
2025-09-25,0.0
2025-09-26,0.0
2025-09-27,0.0508
2025-09-28,1.8542
2025-09-29,0.1016
2025-09-30,0.07619999999999999
2025-10-01,0.0
2025-10-02,6.603999999999999
2025-10-03,4.4704
2025-10-04,29.057599999999997
2025-10-05,6.6548
2025-10-06,17.907
2025-10-07,1.3461999999999998
2025-10-08,0.0
2025-10-09,3.9370000000000003
2025-10-10,5.664199999999999
2025-10-11,0.15239999999999998
2025-10-12,0.0
2025-10-13,0.0
2025-10-14,0.0
2025-10-15,0.30479999999999996
2025-10-16,0.0
2025-10-17,0.0508
2025-10-18,0.0
2025-10-19,0.508
2025-10-20,0.0
2025-10-21,0.0
2025-10-22,0.0
2025-10-23,0.0
2025-10-24,0.0
2025-10-25,0.0
2025-10-26,2.8702
2025-10-27,36.855399999999996
2025-10-28,0.0
2025-10-29,0.0
2025-10-30,0.2794
2025-10-31,0.0
2025-11-01,0.0
2025-11-02,0.0
2025-11-03,0.0
2025-11-04,0.0
2025-11-05,0.0
2025-11-06,0.0
2025-11-07,0.0
2025-11-08,0.0
2025-11-09,1.5747999999999998
2025-11-10,0.254
2025-11-11,0.0
2025-11-12,0.0
2025-11-13,0.0
2025-11-14,0.0
2025-11-15,0.0
2025-11-16,0.0
2025-11-17,0.0
2025-11-18,0.0
2025-11-19,0.0
2025-11-20,0.0
2025-11-21,0.0
2025-11-22,0.0
2025-11-23,0.0
2025-11-24,0.0
2025-11-25,0.0
2025-11-26,0.0
2025-11-27,0.0
2025-11-28,0.0
2025-11-29,0.0
2025-11-30,0.0
2025-12-01,0.0
2025-12-02,0.5842
2025-12-03,0.0
2025-12-04,0.0
2025-12-05,0.0
2025-12-06,2.2859999999999996
2025-12-07,14.0462
2025-12-08,62.6872
2025-12-09,0.0
2025-12-10,0.0
2025-12-11,0.0
2025-12-12,0.0
2025-12-13,0.0
2025-12-14,0.0
2025-12-15,0.0
2025-12-16,0.0
2025-12-17,0.0254
2025-12-18,0.3048
2025-12-19,0.0
2025-12-20,0.0
2025-12-21,0.0
2025-12-22,0.0508
2025-12-23,0.0254
2025-12-24,0.0
2025-12-25,0.0
2025-12-26,0.0
2025-12-27,0.0
2025-12-28,0.0
2025-12-29,0.0
2025-12-30,0.0
2025-12-31,0.0
2026-01-01,0.0
2026-01-02,0.0
2026-01-03,0.0
2026-01-04,0.0
2026-01-05,0.0
2026-01-06,0.0
2026-01-07,0.0
2026-01-08,0.0
2026-01-09,0.0
2026-01-10,0.0
2026-01-11,0.0
2026-01-12,0.0
2026-01-13,0.0
2026-01-14,0.0254
2026-01-15,13.5636
2026-01-16,0.0
2026-01-17,0.0
2026-01-18,0.0508
2026-01-19,0.0
2026-01-20,0.0
2026-01-21,0.0
2026-01-22,0.0
2026-01-23,0.0
2026-01-24,0.0
2026-01-25,0.0
2026-01-26,0.0508
2026-01-27,0.0
2026-01-28,0.0
2026-01-29,0.0
2026-01-30,0.0
2026-01-31,0.0508
2026-02-01,0.0
2026-02-02,0.0
2026-02-03,0.0
2026-02-04,0.0
2026-02-05,1.4477999999999998
2026-02-06,0.0
2026-02-07,0.0
2026-02-08,0.0
2026-02-09,0.0
2026-02-10,0.0
2026-02-11,0.0508
2026-02-12,0.0254
2026-02-13,0.0254
2026-02-14,0.0
2026-02-15,0.0
2026-02-16,10.210799999999999
2026-02-17,0.0
2026-02-18,0.0
2026-02-19,0.0
2026-02-20,0.0
2026-02-21,0.0
2026-02-22,0.2794
2026-02-23,0.0
2026-02-24,0.0
2026-02-25,0.0
2026-02-26,0.0
2026-02-27,0.3048
2026-02-28,3.4544
2026-03-01,0.0
2026-03-02,0.0
2026-03-03,3.8608000000000002
2026-03-04,0.0
2026-03-05,0.0
2026-03-06,0.0
2026-03-07,0.0508
2026-03-08,0.0508
2026-03-09,0.0254
2026-03-10,0.0
2026-03-11,0.0
2026-03-12,0.1016
2026-03-13,0.0254
2026-03-14,1.3208000000000002
2026-03-15,5.613399999999999
2026-03-16,10.2362
2026-03-17,0.508
2026-03-18,0.0
2026-03-19,0.0
2026-03-20,0.0
2026-03-21,0.0
2026-03-22,0.0
2026-03-23,0.0
2026-03-24,0.0
2026-03-25,0.07619999999999999
2026-03-26,0.0
2026-03-27,0.0
2026-03-28,0.0
2026-03-29,8.4836
2026-03-30,1.0922
2026-03-31,0.0
2026-04-01,0.7874
2026-04-02,6.908799999999999
2026-04-03,0.0
2026-04-04,0.0
2026-04-05,0.0
2026-04-06,18.415
2026-04-07,11.557
2026-04-08,0.9905999999999999
2026-04-09,1.4224
2026-04-10,0.0
2026-04-11,0.0
2026-04-12,0.0
2026-04-13,0.0
2026-04-14,0.0
2026-04-15,0.0
2026-04-16,0.0
2026-04-17,0.0
2026-04-18,0.0
2026-04-19,0.0
2026-04-20,0.0
2026-04-21,0.0
2026-04-22,0.0
2026-04-23,0.0
2026-04-24,0.0
2026-04-25,9.652
2026-04-26,1.27
2026-04-27,0.2794
2026-04-28,0.0508
2026-04-29,0.0
2026-04-30,0.0
2026-05-01,0.0
2026-05-02,3.0988
2026-05-03,0.8382
2026-05-04,0.0
2026-05-05,0.0
2026-05-06,0.0
2026-05-07,0.0
2026-05-08,0.0
2026-05-09,1.0413999999999999
2026-05-10,0.0254
2026-05-11,0.0508
2026-05-12,14.833599999999999
2026-05-13,0.0508
2026-05-14,0.254
2026-05-15,0.0
2026-05-16,0.7873999999999999
2026-05-17,0.0
2026-05-18,0.0
2026-05-19,0.0
2026-05-20,0.0
2026-05-21,0.0
2026-05-22,0.0
2026-05-23,0.0
2026-05-24,14.7574
2026-05-25,0.0
2026-05-26,0.5842
2026-05-27,0.1016
2026-05-28,15.5702
2026-05-29,0.3302
2026-05-30,1.1938
2026-05-31,7.7978
2026-06-01,2.5907999999999998
2026-06-02,0.30479999999999996
2026-06-03,0.07619999999999999
2026-06-04,0.0
2026-06-05,0.0
2026-06-06,0.0
2026-06-07,0.0
2026-06-08,0.0
2026-06-09,0.0
2026-06-10,0.0508
2026-06-11,0.0
2026-06-12,1.3208
2026-06-13,0.0
2026-06-14,1.0413999999999999
2026-06-15,0.0
2026-06-16,6.8834
2026-06-17,0.0
2026-06-18,0.0
2026-06-19,0.0
2026-06-20,0.0
2026-06-21,0.0
