date,station_id,elevation_ft_navd88,elevation_m_navd88
1959-07-01,JOHNS,95.01,28.959
1959-07-01,JOHNS,96.05,29.276
1959-07-01,JOHNS,96.05,29.276
1959-10-01,JOHNS,97.07,29.5869
1959-10-01,JOHNS,98.11,29.9039
1959-10-01,JOHNS,98.11,29.9039
1960-08-01,JOHNS,97.42,29.6936
1960-08-01,JOHNS,98.46,30.0106
1960-08-01,JOHNS,98.46,30.0106
1960-10-01,JOHNS,97.35,29.6723
1960-10-01,JOHNS,98.39,29.9893
1960-10-01,JOHNS,98.39,29.9893
1960-11-01,JOHNS,96.68,29.4681
1960-11-01,JOHNS,97.72,29.7851
1960-11-01,JOHNS,97.72,29.7851
1960-12-01,JOHNS,96.11,29.2943
1960-12-01,JOHNS,97.15,29.6113
1960-12-01,JOHNS,97.15,29.6113
1961-01-01,JOHNS,95.96,29.2486
1961-01-01,JOHNS,97.0,29.5656
1961-01-01,JOHNS,97.0,29.5656
1961-02-01,JOHNS,95.99,29.2578
1961-02-01,JOHNS,97.03,29.5747
1961-02-01,JOHNS,97.03,29.5747
1961-03-01,JOHNS,95.71,29.1724
1961-03-01,JOHNS,96.75,29.4894
1961-03-01,JOHNS,96.75,29.4894
1961-04-01,JOHNS,95.23,29.0261
1961-04-01,JOHNS,96.27,29.3431
1961-04-01,JOHNS,96.27,29.3431
1961-05-01,JOHNS,94.43,28.7823
1961-05-01,JOHNS,95.47,29.0993
1961-05-01,JOHNS,95.47,29.0993
1961-06-01,JOHNS,94.09,28.6786
1961-06-01,JOHNS,95.13,28.9956
1961-06-01,JOHNS,95.13,28.9956
1961-07-01,JOHNS,94.11,28.6847
1961-07-01,JOHNS,95.15,29.0017
1961-07-01,JOHNS,95.15,29.0017
1961-08-01,JOHNS,93.7,28.5598
1961-08-01,JOHNS,94.74,28.8768
1961-08-01,JOHNS,94.74,28.8768
1961-09-01,JOHNS,93.84,28.6024
1961-09-01,JOHNS,94.88,28.9194
1961-09-01,JOHNS,94.88,28.9194
1961-10-01,JOHNS,93.65,28.5445
1961-10-01,JOHNS,94.69,28.8615
1961-10-01,JOHNS,94.69,28.8615
1961-11-01,JOHNS,93.41,28.4714
1961-11-01,JOHNS,94.45,28.7884
1961-11-01,JOHNS,94.45,28.7884
1961-12-01,JOHNS,92.88,28.3098
1961-12-01,JOHNS,93.92,28.6268
1961-12-01,JOHNS,93.92,28.6268
1962-01-01,JOHNS,92.71,28.258
1962-01-01,JOHNS,93.75,28.575
1962-01-01,JOHNS,93.75,28.575
1962-02-01,JOHNS,92.7,28.255
1962-02-01,JOHNS,93.74,28.572
1962-02-01,JOHNS,93.74,28.572
1962-03-01,JOHNS,92.44,28.1757
1962-03-01,JOHNS,93.48,28.4927
1962-03-01,JOHNS,93.48,28.4927
1962-04-01,JOHNS,91.92,28.0172
1962-04-01,JOHNS,92.96,28.3342
1962-04-01,JOHNS,92.96,28.3342
1962-05-01,JOHNS,91.17,27.7886
1962-05-01,JOHNS,92.21,28.1056
1962-05-01,JOHNS,92.21,28.1056
1962-06-01,JOHNS,91.13,27.7764
1962-06-01,JOHNS,92.17,28.0934
1962-06-01,JOHNS,92.17,28.0934
1962-07-01,JOHNS,90.82,27.6819
1962-07-01,JOHNS,91.86,27.9989
1962-07-01,JOHNS,91.86,27.9989
1962-08-01,JOHNS,90.86,27.6941
1962-08-01,JOHNS,91.9,28.0111
1962-08-01,JOHNS,91.9,28.0111
1962-09-01,JOHNS,91.51,27.8922
1962-09-01,JOHNS,92.55,28.2092
1962-09-01,JOHNS,92.55,28.2092
1962-10-01,JOHNS,91.21,27.8008
1962-10-01,JOHNS,92.25,28.1178
1962-10-01,JOHNS,92.25,28.1178
1962-11-01,JOHNS,91.01,27.7398
1962-11-01,JOHNS,92.05,28.0568
1962-11-01,JOHNS,92.05,28.0568
1962-12-01,JOHNS,90.7,27.6454
1962-12-01,JOHNS,91.74,27.9624
1962-12-01,JOHNS,91.74,27.9624
1963-01-01,JOHNS,90.62,27.621
1963-01-01,JOHNS,91.66,27.938
1963-01-01,JOHNS,91.66,27.938
1963-02-01,JOHNS,90.99,27.7338
1963-02-01,JOHNS,92.03,28.0507
1963-02-01,JOHNS,92.03,28.0507
1963-03-01,JOHNS,91.33,27.8374
1963-03-01,JOHNS,92.37,28.1544
1963-03-01,JOHNS,92.37,28.1544
1963-04-01,JOHNS,90.67,27.6362
1963-04-01,JOHNS,91.71,27.9532
1963-04-01,JOHNS,91.71,27.9532
1963-05-01,JOHNS,90.23,27.5021
1963-05-01,JOHNS,91.27,27.8191
1963-05-01,JOHNS,91.27,27.8191
1963-06-01,JOHNS,90.24,27.5052
1963-06-01,JOHNS,91.28,27.8221
1963-06-01,JOHNS,91.28,27.8221
1963-07-01,JOHNS,90.74,27.6576
1963-07-01,JOHNS,91.78,27.9745
1963-07-01,JOHNS,91.78,27.9745
1963-08-01,JOHNS,90.76,27.6636
1963-08-01,JOHNS,91.8,27.9806
1963-08-01,JOHNS,91.8,27.9806
1963-09-01,JOHNS,91.02,27.7429
1963-09-01,JOHNS,92.06,28.0599
1963-09-01,JOHNS,92.06,28.0599
1963-10-01,JOHNS,90.72,27.6515
1963-10-01,JOHNS,91.76,27.9684
1963-10-01,JOHNS,91.76,27.9684
1963-11-01,JOHNS,90.83,27.685
1963-11-01,JOHNS,91.87,28.002
1963-11-01,JOHNS,91.87,28.002
1963-12-01,JOHNS,90.73,27.6545
1963-12-01,JOHNS,91.77,27.9715
1963-12-01,JOHNS,91.77,27.9715
1964-01-01,JOHNS,91.67,27.941
1964-01-01,JOHNS,92.71,28.258
1964-01-01,JOHNS,92.71,28.258
1964-02-01,JOHNS,92.0,28.0416
1964-02-01,JOHNS,93.04,28.3586
1964-02-01,JOHNS,93.04,28.3586
1964-03-01,JOHNS,92.16,28.0904
1964-03-01,JOHNS,93.2,28.4074
1964-03-01,JOHNS,93.2,28.4074
1964-04-01,JOHNS,92.35,28.1483
1964-04-01,JOHNS,93.39,28.4653
1964-04-01,JOHNS,93.39,28.4653
1964-05-01,JOHNS,92.01,28.0446
1964-05-01,JOHNS,93.05,28.3616
1964-05-01,JOHNS,93.05,28.3616
1964-06-01,JOHNS,91.48,27.8831
1964-06-01,JOHNS,92.52,28.2001
1964-06-01,JOHNS,92.52,28.2001
1964-07-01,JOHNS,91.87,28.002
1964-07-01,JOHNS,92.91,28.319
1964-07-01,JOHNS,92.91,28.319
1964-08-01,JOHNS,92.24,28.1148
1964-08-01,JOHNS,93.28,28.4317
1964-08-01,JOHNS,93.28,28.4317
1964-09-01,JOHNS,94.06,28.6695
1964-09-01,JOHNS,95.1,28.9865
1964-09-01,JOHNS,95.1,28.9865
1964-10-01,JOHNS,93.68,28.5537
1964-10-01,JOHNS,94.72,28.8707
1964-10-01,JOHNS,94.72,28.8707
1964-11-01,JOHNS,93.2,28.4074
1964-11-01,JOHNS,94.24,28.7244
1964-11-01,JOHNS,94.24,28.7244
1964-12-01,JOHNS,93.11,28.3799
1964-12-01,JOHNS,94.15,28.6969
1964-12-01,JOHNS,94.15,28.6969
1965-01-01,JOHNS,92.81,28.2885
1965-01-01,JOHNS,93.85,28.6055
1965-01-01,JOHNS,93.85,28.6055
1965-02-01,JOHNS,92.69,28.2519
1965-02-01,JOHNS,93.73,28.5689
1965-02-01,JOHNS,93.73,28.5689
1965-03-01,JOHNS,92.62,28.2306
1965-03-01,JOHNS,93.66,28.5476
1965-03-01,JOHNS,93.66,28.5476
1965-04-01,JOHNS,92.01,28.0446
1965-04-01,JOHNS,93.05,28.3616
1965-04-01,JOHNS,93.05,28.3616
1965-05-01,JOHNS,91.37,27.8496
1965-05-01,JOHNS,92.41,28.1666
1965-05-01,JOHNS,92.41,28.1666
1965-06-01,JOHNS,91.27,27.8191
1965-06-01,JOHNS,92.31,28.1361
1965-06-01,JOHNS,92.31,28.1361
1965-07-01,JOHNS,91.28,27.8221
1965-07-01,JOHNS,92.32,28.1391
1965-07-01,JOHNS,92.32,28.1391
1965-08-01,JOHNS,91.36,27.8465
1965-08-01,JOHNS,92.4,28.1635
1965-08-01,JOHNS,92.4,28.1635
1965-09-01,JOHNS,91.47,27.8801
1965-09-01,JOHNS,92.51,28.197
1965-09-01,JOHNS,92.51,28.197
1965-10-01,JOHNS,91.66,27.938
1965-10-01,JOHNS,92.7,28.255
1965-10-01,JOHNS,92.7,28.255
1965-11-01,JOHNS,91.49,27.8862
1965-11-01,JOHNS,92.53,28.2031
1965-11-01,JOHNS,92.53,28.2031
1965-12-01,JOHNS,91.47,27.8801
1965-12-01,JOHNS,92.51,28.197
1965-12-01,JOHNS,92.51,28.197
1966-01-01,JOHNS,91.6,27.9197
1966-01-01,JOHNS,92.64,28.2367
1966-01-01,JOHNS,92.64,28.2367
1966-02-01,JOHNS,91.91,28.0142
1966-02-01,JOHNS,92.95,28.3312
1966-02-01,JOHNS,92.95,28.3312
1966-03-01,JOHNS,92.36,28.1513
1966-03-01,JOHNS,93.4,28.4683
1966-03-01,JOHNS,93.4,28.4683
1966-04-01,JOHNS,92.05,28.0568
1966-04-01,JOHNS,93.09,28.3738
1966-04-01,JOHNS,93.09,28.3738
1966-05-01,JOHNS,91.78,27.9745
1966-05-01,JOHNS,92.82,28.2915
1966-05-01,JOHNS,92.82,28.2915
1966-06-01,JOHNS,92.35,28.1483
1966-06-01,JOHNS,93.39,28.4653
1966-06-01,JOHNS,93.39,28.4653
1966-07-01,JOHNS,92.77,28.2763
1966-07-01,JOHNS,93.81,28.5933
1966-07-01,JOHNS,93.81,28.5933
1966-08-01,JOHNS,93.97,28.6421
1966-08-01,JOHNS,95.01,28.959
1966-08-01,JOHNS,95.01,28.959
1966-09-01,JOHNS,93.92,28.6268
1966-09-01,JOHNS,94.96,28.9438
1966-09-01,JOHNS,94.96,28.9438
1966-10-01,JOHNS,93.69,28.5567
1966-10-01,JOHNS,94.73,28.8737
1966-10-01,JOHNS,94.73,28.8737
1966-11-01,JOHNS,93.23,28.4165
1966-11-01,JOHNS,94.27,28.7335
1966-11-01,JOHNS,94.27,28.7335
1966-12-01,JOHNS,92.82,28.2915
1966-12-01,JOHNS,93.86,28.6085
1966-12-01,JOHNS,93.86,28.6085
1967-01-01,JOHNS,92.52,28.2001
1967-01-01,JOHNS,93.56,28.5171
1967-01-01,JOHNS,93.56,28.5171
1967-02-01,JOHNS,92.6,28.2245
1967-02-01,JOHNS,93.64,28.5415
1967-02-01,JOHNS,93.64,28.5415
1967-03-01,JOHNS,92.39,28.1605
1967-03-01,JOHNS,93.43,28.4775
1967-03-01,JOHNS,93.43,28.4775
1967-04-01,JOHNS,91.72,27.9563
1967-04-01,JOHNS,92.76,28.2732
1967-04-01,JOHNS,92.76,28.2732
1967-05-01,JOHNS,90.81,27.6789
1967-05-01,JOHNS,91.85,27.9959
1967-05-01,JOHNS,91.85,27.9959
1967-06-01,JOHNS,90.88,27.7002
1967-06-01,JOHNS,91.92,28.0172
1967-06-01,JOHNS,91.92,28.0172
1967-07-01,JOHNS,90.98,27.7307
1967-07-01,JOHNS,92.02,28.0477
1967-07-01,JOHNS,92.02,28.0477
1967-08-01,JOHNS,91.98,28.0355
1967-08-01,JOHNS,93.02,28.3525
1967-08-01,JOHNS,93.02,28.3525
1967-09-01,JOHNS,91.84,27.9928
1967-09-01,JOHNS,92.88,28.3098
1967-09-01,JOHNS,92.88,28.3098
1967-10-01,JOHNS,91.86,27.9989
1967-10-01,JOHNS,92.9,28.3159
1967-10-01,JOHNS,92.9,28.3159
1967-11-01,JOHNS,91.36,27.8465
1967-11-01,JOHNS,92.4,28.1635
1967-11-01,JOHNS,92.4,28.1635
1967-12-01,JOHNS,91.08,27.7612
1967-12-01,JOHNS,92.12,28.0782
1967-12-01,JOHNS,92.12,28.0782
1968-01-01,JOHNS,90.69,27.6423
1968-01-01,JOHNS,91.73,27.9593
1968-01-01,JOHNS,91.73,27.9593
1968-02-01,JOHNS,90.44,27.5661
1968-02-01,JOHNS,91.48,27.8831
1968-02-01,JOHNS,91.48,27.8831
1968-03-01,JOHNS,90.08,27.4564
1968-03-01,JOHNS,91.12,27.7734
1968-03-01,JOHNS,91.12,27.7734
1968-04-01,JOHNS,89.5,27.2796
1968-04-01,JOHNS,90.54,27.5966
1968-04-01,JOHNS,90.54,27.5966
1968-05-01,JOHNS,89.37,27.24
1968-05-01,JOHNS,90.41,27.557
1968-05-01,JOHNS,90.41,27.557
1968-06-01,JOHNS,89.79,27.368
1968-06-01,JOHNS,90.83,27.685
1968-06-01,JOHNS,90.83,27.685
1968-06-01,JOHNS,90.86,27.6941
1968-06-01,JOHNS,91.9,28.0111
1968-06-01,JOHNS,91.9,28.0111
1968-07-01,JOHNS,92.02,28.0477
1968-07-01,JOHNS,93.06,28.3647
1968-07-01,JOHNS,93.06,28.3647
1968-08-01,JOHNS,92.45,28.1788
1968-08-01,JOHNS,93.49,28.4958
1968-08-01,JOHNS,93.49,28.4958
1968-09-01,JOHNS,93.02,28.3525
1968-09-01,JOHNS,94.06,28.6695
1968-09-01,JOHNS,94.06,28.6695
1968-10-01,JOHNS,93.08,28.3708
1968-10-01,JOHNS,94.12,28.6878
1968-10-01,JOHNS,94.12,28.6878
1968-11-01,JOHNS,93.29,28.4348
1968-11-01,JOHNS,94.33,28.7518
1968-11-01,JOHNS,94.33,28.7518
1968-12-01,JOHNS,93.06,28.3647
1968-12-01,JOHNS,94.1,28.6817
1968-12-01,JOHNS,94.1,28.6817
1969-01-01,JOHNS,92.96,28.3342
1969-01-01,JOHNS,94.0,28.6512
1969-01-01,JOHNS,94.0,28.6512
1969-02-01,JOHNS,93.08,28.3708
1969-02-01,JOHNS,94.12,28.6878
1969-02-01,JOHNS,94.12,28.6878
1969-03-01,JOHNS,93.66,28.5476
1969-03-01,JOHNS,94.7,28.8646
1969-03-01,JOHNS,94.7,28.8646
1969-04-01,JOHNS,93.55,28.514
1969-04-01,JOHNS,94.59,28.831
1969-04-01,JOHNS,94.59,28.831
1969-06-01,JOHNS,92.72,28.2611
1969-06-01,JOHNS,93.76,28.578
1969-06-01,JOHNS,93.76,28.578
1969-07-01,JOHNS,92.39,28.1605
1969-07-01,JOHNS,93.43,28.4775
1969-07-01,JOHNS,93.43,28.4775
1969-08-01,JOHNS,92.54,28.2062
1969-08-01,JOHNS,93.58,28.5232
1969-08-01,JOHNS,93.58,28.5232
1969-10-01,JOHNS,95.24,29.0292
1969-10-01,JOHNS,96.28,29.3461
1969-10-01,JOHNS,96.28,29.3461
1969-11-01,JOHNS,95.24,29.0292
1969-11-01,JOHNS,96.28,29.3461
1969-11-01,JOHNS,96.28,29.3461
1969-12-01,JOHNS,95.96,29.2486
1969-12-01,JOHNS,97.0,29.5656
1969-12-01,JOHNS,97.0,29.5656
1970-01-01,JOHNS,96.48,29.4071
1970-01-01,JOHNS,97.52,29.7241
1970-01-01,JOHNS,97.52,29.7241
1970-03-01,JOHNS,96.84,29.5168
1970-03-01,JOHNS,97.88,29.8338
1970-03-01,JOHNS,97.88,29.8338
1970-04-01,JOHNS,96.12,29.2974
1970-04-01,JOHNS,97.16,29.6144
1970-04-01,JOHNS,97.16,29.6144
1970-05-01,JOHNS,95.36,29.0657
1970-05-01,JOHNS,96.4,29.3827
1970-05-01,JOHNS,96.4,29.3827
1970-06-01,JOHNS,95.43,29.0871
1970-06-01,JOHNS,96.47,29.4041
1970-06-01,JOHNS,96.47,29.4041
1970-07-01,JOHNS,95.65,29.1541
1970-07-01,JOHNS,96.69,29.4711
1970-07-01,JOHNS,96.69,29.4711
1970-08-01,JOHNS,95.71,29.1724
1970-08-01,JOHNS,96.75,29.4894
1970-08-01,JOHNS,96.75,29.4894
1970-10-01,JOHNS,95.29,29.0444
1970-10-01,JOHNS,96.33,29.3614
1970-10-01,JOHNS,96.33,29.3614
1971-01-01,JOHNS,93.9,28.6207
1971-01-01,JOHNS,94.19,28.7091
1971-01-01,JOHNS,94.94,28.9377
1971-01-01,JOHNS,94.94,28.9377
1971-01-01,JOHNS,95.23,29.0261
1971-01-01,JOHNS,95.23,29.0261
1971-02-01,JOHNS,94.13,28.6908
1971-02-01,JOHNS,95.17,29.0078
1971-02-01,JOHNS,95.17,29.0078
1971-03-01,JOHNS,93.63,28.5384
1971-03-01,JOHNS,94.67,28.8554
1971-03-01,JOHNS,94.67,28.8554
1971-04-01,JOHNS,93.31,28.4409
1971-04-01,JOHNS,94.35,28.7579
1971-04-01,JOHNS,94.35,28.7579
1971-05-01,JOHNS,92.62,28.2306
1971-05-01,JOHNS,93.66,28.5476
1971-05-01,JOHNS,93.66,28.5476
1971-06-01,JOHNS,88.99,27.1242
1971-06-01,JOHNS,90.03,27.4411
1971-06-01,JOHNS,90.03,27.4411
1971-07-01,JOHNS,92.31,28.1361
1971-07-01,JOHNS,93.35,28.4531
1971-07-01,JOHNS,93.35,28.4531
1971-08-01,JOHNS,92.75,28.2702
1971-08-01,JOHNS,93.79,28.5872
1971-08-01,JOHNS,93.79,28.5872
1971-09-01,JOHNS,93.33,28.447
1971-09-01,JOHNS,94.37,28.764
1971-09-01,JOHNS,94.37,28.764
1971-10-01,JOHNS,93.07,28.3677
1971-10-01,JOHNS,94.11,28.6847
1971-10-01,JOHNS,94.11,28.6847
1971-12-01,JOHNS,92.71,28.258
1971-12-01,JOHNS,93.75,28.575
1971-12-01,JOHNS,93.75,28.575
1972-01-01,JOHNS,92.28,28.1269
1972-01-01,JOHNS,93.32,28.4439
1972-01-01,JOHNS,93.32,28.4439
1972-03-01,JOHNS,92.05,28.0568
1972-03-01,JOHNS,93.09,28.3738
1972-03-01,JOHNS,93.09,28.3738
1972-04-01,JOHNS,91.85,27.9959
1972-04-01,JOHNS,92.89,28.3129
1972-04-01,JOHNS,92.89,28.3129
1972-06-01,JOHNS,91.76,27.9684
1972-06-01,JOHNS,92.8,28.2854
1972-06-01,JOHNS,92.8,28.2854
1972-11-01,JOHNS,91.03,27.7459
1972-11-01,JOHNS,92.07,28.0629
1972-11-01,JOHNS,92.07,28.0629
1972-12-01,JOHNS,90.93,27.7155
1972-12-01,JOHNS,91.97,28.0325
1972-12-01,JOHNS,91.97,28.0325
1973-03-01,JOHNS,91.24,27.81
1973-03-01,JOHNS,92.28,28.1269
1973-03-01,JOHNS,92.28,28.1269
1973-04-01,JOHNS,90.93,27.7155
1973-04-01,JOHNS,91.97,28.0325
1973-04-01,JOHNS,91.97,28.0325
1973-05-01,JOHNS,90.48,27.5783
1973-05-01,JOHNS,91.52,27.8953
1973-05-01,JOHNS,91.52,27.8953
1973-06-01,JOHNS,93.33,28.447
1973-06-01,JOHNS,94.37,28.764
1973-06-01,JOHNS,94.37,28.764
1973-07-01,JOHNS,89.79,27.368
1973-07-01,JOHNS,90.83,27.685
1973-07-01,JOHNS,90.83,27.685
1973-08-01,JOHNS,89.81,27.3741
1973-08-01,JOHNS,90.85,27.6911
1973-08-01,JOHNS,90.85,27.6911
1973-11-01,JOHNS,90.1,27.4625
1973-11-01,JOHNS,91.14,27.7795
1973-11-01,JOHNS,91.14,27.7795
1973-12-01,JOHNS,89.82,27.3771
1973-12-01,JOHNS,90.86,27.6941
1973-12-01,JOHNS,90.86,27.6941
1974-03-01,JOHNS,88.96,27.115
1974-03-01,JOHNS,90.0,27.432
1974-03-01,JOHNS,90.0,27.432
1974-10-01,JOHNS,90.55,27.5996
1974-10-01,JOHNS,91.59,27.9166
1974-10-01,JOHNS,91.59,27.9166
1975-05-01,JOHNS,87.82,26.7675
1975-05-01,JOHNS,88.86,27.0845
1975-05-01,JOHNS,88.86,27.0845
1975-11-01,JOHNS,90.44,27.5661
1975-11-01,JOHNS,91.48,27.8831
1975-11-01,JOHNS,91.48,27.8831
1976-01-01,JOHNS,89.61,27.3131
1976-01-01,JOHNS,90.65,27.6301
1976-01-01,JOHNS,90.65,27.6301
1976-03-01,JOHNS,89.08,27.1516
1976-03-01,JOHNS,90.12,27.4686
1976-03-01,JOHNS,90.12,27.4686
1976-05-01,JOHNS,88.47,26.9657
1976-05-01,JOHNS,89.51,27.2826
1976-05-01,JOHNS,89.51,27.2826
1976-06-01,JOHNS,89.38,27.243
1976-06-01,JOHNS,90.42,27.56
1976-06-01,JOHNS,90.42,27.56
1976-07-01,JOHNS,90.16,27.4808
1976-07-01,JOHNS,91.2,27.7978
1976-07-01,JOHNS,91.2,27.7978
1976-08-01,JOHNS,91.22,27.8039
1976-08-01,JOHNS,92.26,28.1208
1976-08-01,JOHNS,92.26,28.1208
1976-09-01,JOHNS,91.56,27.9075
1976-09-01,JOHNS,92.6,28.2245
1976-09-01,JOHNS,92.6,28.2245
1976-11-01,JOHNS,91.11,27.7703
1976-11-01,JOHNS,92.15,28.0873
1976-11-01,JOHNS,92.15,28.0873
1977-04-01,JOHNS,90.06,27.4503
1977-04-01,JOHNS,91.1,27.7673
1977-04-01,JOHNS,91.1,27.7673
1977-06-01,JOHNS,89.15,27.1729
1977-06-01,JOHNS,90.19,27.4899
1977-06-01,JOHNS,90.19,27.4899
1977-08-01,JOHNS,89.94,27.4137
1977-09-01,JOHNS,89.52,27.2857
1977-09-01,JOHNS,90.56,27.6027
1977-09-01,JOHNS,90.56,27.6027
1977-10-01,JOHNS,88.96,27.115
1977-10-01,JOHNS,90.0,27.432
1977-10-01,JOHNS,90.0,27.432
1978-02-01,JOHNS,88.68,27.0297
1978-02-01,JOHNS,89.72,27.3467
1978-02-01,JOHNS,89.72,27.3467
1978-03-01,JOHNS,89.35,27.2339
1978-03-01,JOHNS,90.39,27.5509
1978-03-01,JOHNS,90.39,27.5509
1978-05-01,JOHNS,88.77,27.0571
1978-05-01,JOHNS,89.81,27.3741
1978-05-01,JOHNS,89.81,27.3741
1978-06-01,JOHNS,88.73,27.0449
1978-06-01,JOHNS,89.77,27.3619
1978-06-01,JOHNS,89.77,27.3619
1978-07-01,JOHNS,89.14,27.1699
1978-07-01,JOHNS,90.18,27.4869
1978-07-01,JOHNS,90.18,27.4869
1978-09-01,JOHNS,89.29,27.2156
1978-09-01,JOHNS,90.33,27.5326
1978-09-01,JOHNS,90.33,27.5326
1978-10-01,JOHNS,88.34,26.926
1978-10-01,JOHNS,89.38,27.243
1978-10-01,JOHNS,89.38,27.243
1979-02-01,JOHNS,87.79,26.7584
1979-02-01,JOHNS,88.83,27.0754
1979-02-01,JOHNS,88.83,27.0754
1979-04-01,JOHNS,87.84,26.7736
1979-04-01,JOHNS,88.88,27.0906
1979-04-01,JOHNS,88.88,27.0906
1979-05-01,JOHNS,88.51,26.9778
1979-05-01,JOHNS,89.55,27.2948
1979-05-01,JOHNS,89.55,27.2948
1979-06-01,JOHNS,88.17,26.8742
1979-06-01,JOHNS,89.21,27.1912
1979-06-01,JOHNS,89.21,27.1912
1979-07-01,JOHNS,87.79,26.7584
1979-07-01,JOHNS,88.83,27.0754
1979-07-01,JOHNS,88.83,27.0754
1979-09-01,JOHNS,88.14,26.8651
1979-09-01,JOHNS,89.18,27.1821
1979-09-01,JOHNS,89.18,27.1821
1979-10-01,JOHNS,89.91,27.4046
1979-10-01,JOHNS,90.95,27.7216
1979-10-01,JOHNS,90.95,27.7216
1980-07-01,JOHNS,87.88,26.7858
1980-07-01,JOHNS,88.92,27.1028
1980-07-01,JOHNS,88.92,27.1028
1980-10-01,JOHNS,87.1,26.5481
1980-10-01,JOHNS,88.14,26.8651
1980-10-01,JOHNS,88.14,26.8651
1980-12-01,JOHNS,86.96,26.5054
1980-12-01,JOHNS,88.0,26.8224
1980-12-01,JOHNS,88.0,26.8224
1981-01-01,JOHNS,86.58,26.3896
1981-01-01,JOHNS,87.62,26.7066
1981-01-01,JOHNS,87.62,26.7066
1981-02-01,JOHNS,86.99,26.5146
1981-02-01,JOHNS,88.03,26.8315
1981-02-01,JOHNS,88.03,26.8315
1981-03-01,JOHNS,86.26,26.292
1981-03-01,JOHNS,87.3,26.609
1981-03-01,JOHNS,87.3,26.609
1981-04-01,JOHNS,85.74,26.1336
1981-04-01,JOHNS,86.78,26.4505
1981-04-01,JOHNS,86.78,26.4505
1981-05-01,JOHNS,84.81,25.8501
1981-05-01,JOHNS,85.85,26.1671
1981-05-01,JOHNS,85.85,26.1671
1981-07-01,JOHNS,84.53,25.7647
1981-07-01,JOHNS,85.57,26.0817
1981-07-01,JOHNS,85.57,26.0817
1981-08-01,JOHNS,84.52,25.7617
1981-08-01,JOHNS,85.05,25.9232
1981-08-01,JOHNS,85.56,26.0787
1981-08-01,JOHNS,85.56,26.0787
1981-08-01,JOHNS,86.09,26.2402
1981-08-01,JOHNS,86.09,26.2402
1981-10-01,JOHNS,85.54,26.0726
1981-10-01,JOHNS,86.58,26.3896
1981-10-01,JOHNS,86.58,26.3896
1981-11-01,JOHNS,85.53,26.0695
1981-11-01,JOHNS,86.57,26.3865
1981-11-01,JOHNS,86.57,26.3865
1981-12-01,JOHNS,85.28,25.9933
1981-12-01,JOHNS,86.32,26.3103
1981-12-01,JOHNS,86.32,26.3103
1982-02-01,JOHNS,86.87,26.478
1982-02-01,JOHNS,87.91,26.795
1982-02-01,JOHNS,87.91,26.795
1982-03-01,JOHNS,86.93,26.4963
1982-03-01,JOHNS,87.97,26.8133
1982-03-01,JOHNS,87.97,26.8133
1982-04-01,JOHNS,88.07,26.8437
1982-04-01,JOHNS,89.11,27.1607
1982-04-01,JOHNS,89.11,27.1607
1982-05-01,JOHNS,86.98,26.5115
1982-05-01,JOHNS,88.02,26.8285
1982-05-01,JOHNS,88.02,26.8285
1982-06-01,JOHNS,88.64,27.0175
1982-06-01,JOHNS,89.68,27.3345
1982-06-01,JOHNS,89.68,27.3345
1982-07-01,JOHNS,88.48,26.9687
1982-07-01,JOHNS,89.52,27.2857
1982-07-01,JOHNS,89.52,27.2857
1982-09-01,JOHNS,89.71,27.3436
1982-09-01,JOHNS,90.75,27.6606
1982-09-01,JOHNS,90.75,27.6606
1982-10-01,JOHNS,90.55,27.5996
1982-10-01,JOHNS,91.59,27.9166
1982-10-01,JOHNS,91.59,27.9166
1982-11-01,JOHNS,90.26,27.5112
1982-11-01,JOHNS,91.3,27.8282
1982-11-01,JOHNS,91.3,27.8282
1983-01-01,JOHNS,89.71,27.3436
1983-01-01,JOHNS,90.75,27.6606
1983-01-01,JOHNS,90.75,27.6606
1983-02-01,JOHNS,90.53,27.5935
1983-02-01,JOHNS,91.57,27.9105
1983-02-01,JOHNS,91.57,27.9105
1983-03-01,JOHNS,91.28,27.8221
1983-03-01,JOHNS,92.32,28.1391
1983-03-01,JOHNS,92.32,28.1391
1983-04-01,JOHNS,91.31,27.8313
1983-04-01,JOHNS,92.35,28.1483
1983-04-01,JOHNS,92.35,28.1483
1983-05-01,JOHNS,90.72,27.6515
1983-05-01,JOHNS,91.76,27.9684
1983-05-01,JOHNS,91.76,27.9684
1983-07-01,JOHNS,91.27,27.8191
1983-07-01,JOHNS,92.31,28.1361
1983-07-01,JOHNS,92.31,28.1361
1983-08-01,JOHNS,91.09,27.7642
1983-08-01,JOHNS,91.17,27.7886
1983-08-01,JOHNS,92.13,28.0812
1983-08-01,JOHNS,92.13,28.0812
1983-08-01,JOHNS,92.21,28.1056
1983-08-01,JOHNS,92.21,28.1056
1983-10-01,JOHNS,91.25,27.813
1983-10-01,JOHNS,92.29,28.13
1983-10-01,JOHNS,92.29,28.13
1983-11-01,JOHNS,91.3,27.8282
1983-11-01,JOHNS,92.34,28.1452
1983-11-01,JOHNS,92.34,28.1452
1983-12-01,JOHNS,91.07,27.7581
1983-12-01,JOHNS,92.11,28.0751
1983-12-01,JOHNS,92.11,28.0751
1984-01-01,JOHNS,91.21,27.8008
1984-01-01,JOHNS,92.25,28.1178
1984-01-01,JOHNS,92.25,28.1178
1984-02-01,JOHNS,91.24,27.81
1984-02-01,JOHNS,92.28,28.1269
1984-02-01,JOHNS,92.28,28.1269
1984-03-01,JOHNS,91.12,27.7734
1984-03-01,JOHNS,92.16,28.0904
1984-03-01,JOHNS,92.16,28.0904
1984-04-01,JOHNS,93.95,28.636
1984-04-01,JOHNS,94.99,28.953
1984-04-01,JOHNS,94.99,28.953
1984-05-01,JOHNS,90.13,27.4716
1984-05-01,JOHNS,90.52,27.5905
1984-05-01,JOHNS,91.17,27.7886
1984-05-01,JOHNS,91.17,27.7886
1984-05-01,JOHNS,91.56,27.9075
1984-05-01,JOHNS,91.56,27.9075
1984-06-01,JOHNS,90.02,27.4381
1984-06-01,JOHNS,91.06,27.7551
1984-06-01,JOHNS,91.06,27.7551
1984-07-01,JOHNS,90.52,27.5905
1984-07-01,JOHNS,91.56,27.9075
1984-07-01,JOHNS,91.56,27.9075
1984-08-01,JOHNS,91.16,27.7856
1984-08-01,JOHNS,92.2,28.1026
1984-08-01,JOHNS,92.2,28.1026
1984-09-01,JOHNS,91.08,27.7612
1984-09-01,JOHNS,92.12,28.0782
1984-09-01,JOHNS,92.12,28.0782
1984-11-01,JOHNS,90.45,27.5692
1984-11-01,JOHNS,91.49,27.8862
1984-11-01,JOHNS,91.49,27.8862
1984-12-01,JOHNS,90.26,27.5112
1984-12-01,JOHNS,91.3,27.8282
1984-12-01,JOHNS,91.3,27.8282
1985-01-01,JOHNS,89.67,27.3314
1985-01-01,JOHNS,89.91,27.4046
1985-01-01,JOHNS,90.71,27.6484
1985-01-01,JOHNS,90.71,27.6484
1985-01-01,JOHNS,90.95,27.7216
1985-01-01,JOHNS,90.95,27.7216
1985-03-01,JOHNS,89.26,27.2064
1985-03-01,JOHNS,90.3,27.5234
1985-03-01,JOHNS,90.3,27.5234
1985-04-01,JOHNS,88.94,27.1089
1985-04-01,JOHNS,89.98,27.4259
1985-04-01,JOHNS,89.98,27.4259
1985-05-01,JOHNS,88.08,26.8468
1985-05-01,JOHNS,89.12,27.1638
1985-05-01,JOHNS,89.12,27.1638
1985-06-01,JOHNS,87.6,26.7005
1985-06-01,JOHNS,88.64,27.0175
1985-06-01,JOHNS,88.64,27.0175
1985-07-01,JOHNS,88.31,26.9169
1985-07-01,JOHNS,89.35,27.2339
1985-07-01,JOHNS,89.35,27.2339
1985-08-01,JOHNS,89.31,27.2217
1985-08-01,JOHNS,90.35,27.5387
1985-08-01,JOHNS,90.35,27.5387
1985-09-01,JOHNS,90.16,27.4808
1985-09-01,JOHNS,91.2,27.7978
1985-09-01,JOHNS,91.2,27.7978
1985-10-01,JOHNS,90.92,27.7124
1985-10-01,JOHNS,91.96,28.0294
1985-10-01,JOHNS,91.96,28.0294
1985-11-01,JOHNS,91.01,27.7398
1985-11-01,JOHNS,92.05,28.0568
1985-11-01,JOHNS,92.05,28.0568
1985-12-01,JOHNS,90.78,27.6697
1985-12-01,JOHNS,91.82,27.9867
1985-12-01,JOHNS,91.82,27.9867
1986-02-01,JOHNS,92.04,28.0538
1986-02-01,JOHNS,93.08,28.3708
1986-02-01,JOHNS,93.08,28.3708
1986-04-01,JOHNS,92.0,28.0416
1986-04-01,JOHNS,93.04,28.3586
1986-04-01,JOHNS,93.04,28.3586
1986-05-01,JOHNS,91.29,27.8252
1986-05-01,JOHNS,92.33,28.1422
1986-05-01,JOHNS,92.33,28.1422
1986-06-01,JOHNS,90.51,27.5874
1986-06-01,JOHNS,91.55,27.9044
1986-06-01,JOHNS,91.55,27.9044
1986-07-01,JOHNS,90.55,27.5996
1986-07-01,JOHNS,91.59,27.9166
1986-07-01,JOHNS,91.59,27.9166
1986-08-01,JOHNS,90.37,27.5448
1986-08-01,JOHNS,91.41,27.8618
1986-08-01,JOHNS,91.41,27.8618
1986-09-01,JOHNS,90.65,27.6301
1986-09-01,JOHNS,91.69,27.9471
1986-09-01,JOHNS,91.69,27.9471
1986-10-01,JOHNS,90.63,27.624
1986-10-01,JOHNS,91.67,27.941
1986-10-01,JOHNS,91.67,27.941
1986-11-01,JOHNS,90.15,27.4777
1986-11-01,JOHNS,91.19,27.7947
1986-11-01,JOHNS,91.19,27.7947
1986-12-01,JOHNS,90.0,27.432
1986-12-01,JOHNS,91.04,27.749
1986-12-01,JOHNS,91.04,27.749
1987-01-01,JOHNS,89.89,27.3985
1987-01-01,JOHNS,90.93,27.7155
1987-01-01,JOHNS,90.93,27.7155
1987-02-01,JOHNS,89.82,27.3771
1987-02-01,JOHNS,90.86,27.6941
1987-02-01,JOHNS,90.86,27.6941
1987-03-01,JOHNS,90.26,27.5112
1987-03-01,JOHNS,91.3,27.8282
1987-03-01,JOHNS,91.3,27.8282
1987-04-01,JOHNS,91.7,27.9502
1987-04-01,JOHNS,92.74,28.2672
1987-04-01,JOHNS,92.74,28.2672
1987-05-01,JOHNS,91.75,27.9654
1987-05-01,JOHNS,92.79,28.2824
1987-05-01,JOHNS,92.79,28.2824
1987-06-01,JOHNS,91.81,27.9837
1987-06-01,JOHNS,92.85,28.3007
1987-06-01,JOHNS,92.85,28.3007
1987-07-01,JOHNS,91.41,27.8618
1987-07-01,JOHNS,92.45,28.1788
1987-07-01,JOHNS,92.45,28.1788
1987-08-01,JOHNS,91.23,27.8069
1987-08-01,JOHNS,92.27,28.1239
1987-08-01,JOHNS,92.27,28.1239
1987-09-01,JOHNS,90.86,27.6941
1987-09-01,JOHNS,91.9,28.0111
1987-09-01,JOHNS,91.9,28.0111
1987-10-01,JOHNS,90.71,27.6484
1987-10-01,JOHNS,91.75,27.9654
1987-10-01,JOHNS,91.75,27.9654
1987-11-01,JOHNS,90.49,27.5814
1987-11-01,JOHNS,91.53,27.8983
1987-11-01,JOHNS,91.53,27.8983
1987-12-01,JOHNS,91.36,27.8465
1987-12-01,JOHNS,92.4,28.1635
1987-12-01,JOHNS,92.4,28.1635
1988-01-01,JOHNS,91.25,27.813
1988-01-01,JOHNS,92.29,28.13
1988-01-01,JOHNS,92.29,28.13
1988-02-01,JOHNS,91.52,27.8953
1988-02-01,JOHNS,92.56,28.2123
1988-02-01,JOHNS,92.56,28.2123
1988-03-01,JOHNS,94.82,28.9011
1988-03-01,JOHNS,95.86,29.2181
1988-03-01,JOHNS,95.86,29.2181
1988-04-01,JOHNS,92.17,28.0934
1988-04-01,JOHNS,93.21,28.4104
1988-04-01,JOHNS,93.21,28.4104
1988-05-01,JOHNS,91.65,27.9349
1988-05-01,JOHNS,92.69,28.2519
1988-05-01,JOHNS,92.69,28.2519
1988-06-01,JOHNS,91.23,27.8069
1988-06-01,JOHNS,92.27,28.1239
1988-06-01,JOHNS,92.27,28.1239
1988-07-01,JOHNS,91.4,27.8587
1988-07-01,JOHNS,92.44,28.1757
1988-07-01,JOHNS,92.44,28.1757
1988-08-01,JOHNS,91.4,27.8587
1988-08-01,JOHNS,92.44,28.1757
1988-08-01,JOHNS,92.44,28.1757
1988-09-01,JOHNS,92.34,28.1452
1988-09-01,JOHNS,93.38,28.4622
1988-09-01,JOHNS,93.38,28.4622
1988-10-01,JOHNS,92.38,28.1574
1988-10-01,JOHNS,93.42,28.4744
1988-10-01,JOHNS,93.42,28.4744
1988-11-01,JOHNS,92.02,28.0477
1988-11-01,JOHNS,93.06,28.3647
1988-11-01,JOHNS,93.06,28.3647
1988-12-01,JOHNS,92.8,28.2854
1988-12-01,JOHNS,93.84,28.6024
1988-12-01,JOHNS,93.84,28.6024
1989-01-01,JOHNS,92.83,28.2946
1989-01-01,JOHNS,93.87,28.6116
1989-01-01,JOHNS,93.87,28.6116
1989-02-01,JOHNS,93.26,28.4256
1989-02-01,JOHNS,94.3,28.7426
1989-02-01,JOHNS,94.3,28.7426
1989-03-01,JOHNS,92.89,28.3129
1989-03-01,JOHNS,93.93,28.6299
1989-03-01,JOHNS,93.93,28.6299
1989-04-01,JOHNS,92.37,28.1544
1989-04-01,JOHNS,93.41,28.4714
1989-04-01,JOHNS,93.41,28.4714
1989-05-01,JOHNS,92.22,28.1087
1989-05-01,JOHNS,93.26,28.4256
1989-05-01,JOHNS,93.26,28.4256
1989-06-01,JOHNS,91.66,27.938
1989-06-01,JOHNS,92.7,28.255
1989-06-01,JOHNS,92.7,28.255
1989-07-01,JOHNS,91.86,27.9989
1989-07-01,JOHNS,92.9,28.3159
1989-07-01,JOHNS,92.9,28.3159
1989-08-01,JOHNS,91.68,27.9441
1989-08-01,JOHNS,92.72,28.2611
1989-08-01,JOHNS,92.72,28.2611
1989-09-01,JOHNS,91.54,27.9014
1989-09-01,JOHNS,92.58,28.2184
1989-09-01,JOHNS,92.58,28.2184
1989-10-01,JOHNS,91.48,27.8831
1989-10-01,JOHNS,92.52,28.2001
1989-10-01,JOHNS,92.52,28.2001
1989-11-01,JOHNS,91.11,27.7703
1989-11-01,JOHNS,92.15,28.0873
1989-11-01,JOHNS,92.15,28.0873
1989-12-01,JOHNS,90.55,27.5996
1989-12-01,JOHNS,91.59,27.9166
1989-12-01,JOHNS,91.59,27.9166
1990-01-01,JOHNS,90.69,27.6423
1990-01-01,JOHNS,91.73,27.9593
1990-01-01,JOHNS,91.73,27.9593
1990-02-01,JOHNS,90.45,27.5692
1990-02-01,JOHNS,91.49,27.8862
1990-02-01,JOHNS,91.49,27.8862
1990-03-01,JOHNS,90.1,27.4625
1990-03-01,JOHNS,91.14,27.7795
1990-03-01,JOHNS,91.14,27.7795
1990-04-01,JOHNS,89.61,27.3131
1990-04-01,JOHNS,90.65,27.6301
1990-04-01,JOHNS,90.65,27.6301
1990-05-01,JOHNS,89.27,27.2095
1990-05-01,JOHNS,90.31,27.5265
1990-05-01,JOHNS,90.31,27.5265
1990-06-01,JOHNS,88.79,27.0632
1990-06-01,JOHNS,89.83,27.3802
1990-06-01,JOHNS,89.83,27.3802
1990-07-01,JOHNS,88.61,27.0083
1990-07-01,JOHNS,89.65,27.3253
1990-07-01,JOHNS,89.65,27.3253
1990-08-01,JOHNS,88.96,27.115
1990-08-01,JOHNS,90.0,27.432
1990-08-01,JOHNS,90.0,27.432
1990-09-01,JOHNS,90.06,27.4503
1990-09-01,JOHNS,91.1,27.7673
1990-09-01,JOHNS,91.1,27.7673
1990-10-01,JOHNS,89.17,27.179
1990-10-01,JOHNS,90.21,27.496
1990-10-01,JOHNS,90.21,27.496
1990-11-01,JOHNS,88.99,27.1242
1990-11-01,JOHNS,90.03,27.4411
1990-11-01,JOHNS,90.03,27.4411
1990-12-01,JOHNS,88.46,26.9626
1990-12-01,JOHNS,89.5,27.2796
1990-12-01,JOHNS,89.5,27.2796
1991-01-01,JOHNS,88.43,26.9535
1991-01-01,JOHNS,89.47,27.2705
1991-01-01,JOHNS,89.47,27.2705
1991-02-01,JOHNS,88.21,26.8864
1991-02-01,JOHNS,89.25,27.2034
1991-02-01,JOHNS,89.25,27.2034
1991-03-01,JOHNS,87.76,26.7492
1991-03-01,JOHNS,88.8,27.0662
1991-03-01,JOHNS,88.8,27.0662
1991-04-01,JOHNS,87.99,26.8194
1991-04-01,JOHNS,89.03,27.1363
1991-04-01,JOHNS,89.03,27.1363
1991-05-01,JOHNS,88.97,27.1181
1991-05-01,JOHNS,90.01,27.435
1991-05-01,JOHNS,90.01,27.435
1991-06-01,JOHNS,89.1,27.1577
1991-06-01,JOHNS,90.14,27.4747
1991-06-01,JOHNS,90.14,27.4747
1991-07-01,JOHNS,90.05,27.4472
1991-07-01,JOHNS,91.09,27.7642
1991-07-01,JOHNS,91.09,27.7642
1991-08-01,JOHNS,91.83,27.9898
1991-08-01,JOHNS,92.87,28.3068
1991-08-01,JOHNS,92.87,28.3068
1991-09-01,JOHNS,91.91,28.0142
1991-09-01,JOHNS,92.95,28.3312
1991-09-01,JOHNS,92.95,28.3312
1991-10-01,JOHNS,91.76,27.9684
1991-10-01,JOHNS,92.8,28.2854
1991-10-01,JOHNS,92.8,28.2854
1991-11-01,JOHNS,91.64,27.9319
1991-11-01,JOHNS,92.68,28.2489
1991-11-01,JOHNS,92.68,28.2489
1991-12-01,JOHNS,91.22,27.8039
1991-12-01,JOHNS,92.26,28.1208
1991-12-01,JOHNS,92.26,28.1208
1992-01-01,JOHNS,90.7,27.6454
1992-01-01,JOHNS,91.74,27.9624
1992-01-01,JOHNS,91.74,27.9624
1992-02-01,JOHNS,90.58,27.6088
1992-02-01,JOHNS,91.62,27.9258
1992-02-01,JOHNS,91.62,27.9258
1992-03-01,JOHNS,90.56,27.6027
1992-03-01,JOHNS,91.6,27.9197
1992-03-01,JOHNS,91.6,27.9197
1992-04-01,JOHNS,90.35,27.5387
1992-04-01,JOHNS,91.39,27.8557
1992-04-01,JOHNS,91.39,27.8557
1992-05-01,JOHNS,90.39,27.5509
1992-05-01,JOHNS,91.43,27.8679
1992-05-01,JOHNS,91.43,27.8679
1992-06-01,JOHNS,89.96,27.4198
1992-06-01,JOHNS,91.0,27.7368
1992-06-01,JOHNS,91.0,27.7368
1992-07-01,JOHNS,90.1,27.4625
1992-07-01,JOHNS,91.14,27.7795
1992-07-01,JOHNS,91.14,27.7795
1992-08-01,JOHNS,89.94,27.4137
1992-08-01,JOHNS,90.98,27.7307
1992-08-01,JOHNS,90.98,27.7307
1992-09-01,JOHNS,90.5,27.5844
1992-09-01,JOHNS,91.54,27.9014
1992-09-01,JOHNS,91.54,27.9014
1992-10-01,JOHNS,91.24,27.81
1992-10-01,JOHNS,92.28,28.1269
1992-10-01,JOHNS,92.28,28.1269
1992-11-01,JOHNS,91.16,27.7856
1992-11-01,JOHNS,92.2,28.1026
1992-11-01,JOHNS,92.2,28.1026
1992-12-01,JOHNS,91.34,27.8404
1992-12-01,JOHNS,92.38,28.1574
1992-12-01,JOHNS,92.38,28.1574
1993-01-01,JOHNS,91.15,27.7825
1993-01-01,JOHNS,92.19,28.0995
1993-01-01,JOHNS,92.19,28.0995
1993-02-01,JOHNS,91.39,27.8557
1993-02-01,JOHNS,92.43,28.1727
1993-02-01,JOHNS,92.43,28.1727
1993-03-01,JOHNS,91.55,27.9044
1993-03-01,JOHNS,92.59,28.2214
1993-03-01,JOHNS,92.59,28.2214
1993-04-01,JOHNS,91.8,27.9806
1993-04-01,JOHNS,92.84,28.2976
1993-04-01,JOHNS,92.84,28.2976
1993-05-01,JOHNS,91.56,27.9075
1993-05-01,JOHNS,92.6,28.2245
1993-05-01,JOHNS,92.6,28.2245
1993-06-01,JOHNS,91.16,27.7856
1993-06-01,JOHNS,92.2,28.1026
1993-06-01,JOHNS,92.2,28.1026
1993-07-01,JOHNS,91.01,27.7398
1993-07-01,JOHNS,92.05,28.0568
1993-07-01,JOHNS,92.05,28.0568
1993-08-01,JOHNS,90.66,27.6332
1993-08-01,JOHNS,91.7,27.9502
1993-08-01,JOHNS,91.7,27.9502
1993-09-01,JOHNS,90.87,27.6972
1993-09-01,JOHNS,91.91,28.0142
1993-09-01,JOHNS,91.91,28.0142
1993-10-01,JOHNS,90.5,27.5844
1993-10-01,JOHNS,91.54,27.9014
1993-10-01,JOHNS,91.54,27.9014
1993-11-01,JOHNS,90.61,27.6179
1993-11-01,JOHNS,91.65,27.9349
1993-11-01,JOHNS,91.65,27.9349
1993-12-01,JOHNS,90.36,27.5417
1993-12-01,JOHNS,91.4,27.8587
1993-12-01,JOHNS,91.4,27.8587
1994-01-01,JOHNS,89.21,27.1912
1994-01-01,JOHNS,90.25,27.5082
1994-01-01,JOHNS,90.25,27.5082
1994-02-01,JOHNS,88.98,27.1211
1994-02-01,JOHNS,90.02,27.4381
1994-02-01,JOHNS,90.02,27.4381
1994-04-01,JOHNS,88.59,27.0022
1994-04-01,JOHNS,89.63,27.3192
1994-04-01,JOHNS,89.63,27.3192
1994-05-01,JOHNS,88.5,26.9748
1994-05-01,JOHNS,89.54,27.2918
1994-05-01,JOHNS,89.54,27.2918
1994-06-01,JOHNS,87.75,26.7462
1994-06-01,JOHNS,88.79,27.0632
1994-06-01,JOHNS,88.79,27.0632
1994-07-01,JOHNS,89.51,27.2826
1994-07-01,JOHNS,90.55,27.5996
1994-07-01,JOHNS,90.55,27.5996
1994-08-01,JOHNS,91.11,27.7703
1994-08-01,JOHNS,92.15,28.0873
1994-08-01,JOHNS,92.15,28.0873
1994-09-01,JOHNS,91.79,27.9776
1994-09-01,JOHNS,92.83,28.2946
1994-09-01,JOHNS,92.83,28.2946
1994-09-01,JOHNS,93.15,28.3921
1994-09-01,JOHNS,94.19,28.7091
1994-09-01,JOHNS,94.19,28.7091
1994-10-01,JOHNS,92.85,28.3007
1994-10-01,JOHNS,93.89,28.6177
1994-10-01,JOHNS,93.89,28.6177
1994-11-01,JOHNS,92.84,28.2976
1994-11-01,JOHNS,93.52,28.5049
1994-11-01,JOHNS,93.88,28.6146
1994-11-01,JOHNS,93.88,28.6146
1994-11-01,JOHNS,94.56,28.8219
1994-11-01,JOHNS,94.56,28.8219
1994-12-01,JOHNS,93.81,28.5933
1994-12-01,JOHNS,94.85,28.9103
1994-12-01,JOHNS,94.85,28.9103
1995-01-01,JOHNS,93.83,28.5994
1995-01-01,JOHNS,94.87,28.9164
1995-01-01,JOHNS,94.87,28.9164
1995-02-01,JOHNS,93.74,28.572
1995-02-01,JOHNS,94.78,28.8889
1995-02-01,JOHNS,94.78,28.8889
1995-03-01,JOHNS,93.57,28.5201
1995-03-01,JOHNS,94.61,28.8371
1995-03-01,JOHNS,94.61,28.8371
1995-04-01,JOHNS,93.47,28.4897
1995-04-01,JOHNS,94.51,28.8066
1995-04-01,JOHNS,94.51,28.8066
1995-05-01,JOHNS,93.06,28.3647
1995-05-01,JOHNS,94.1,28.6817
1995-05-01,JOHNS,94.1,28.6817
1995-06-01,JOHNS,92.62,28.2306
1995-06-01,JOHNS,93.66,28.5476
1995-06-01,JOHNS,93.66,28.5476
1995-07-01,JOHNS,92.7,28.255
1995-07-01,JOHNS,93.74,28.572
1995-07-01,JOHNS,93.74,28.572
1995-08-01,JOHNS,93.31,28.4409
1995-08-01,JOHNS,94.35,28.7579
1995-08-01,JOHNS,94.35,28.7579
1995-09-01,JOHNS,95.12,28.9926
1995-09-01,JOHNS,96.16,29.3096
1995-09-01,JOHNS,96.16,29.3096
1995-10-01,JOHNS,95.27,29.0383
1995-10-01,JOHNS,96.31,29.3553
1995-10-01,JOHNS,96.31,29.3553
1995-11-01,JOHNS,95.09,28.9834
1995-11-01,JOHNS,96.13,29.3004
1995-11-01,JOHNS,96.13,29.3004
1995-12-01,JOHNS,94.75,28.8798
1995-12-01,JOHNS,95.79,29.1968
1995-12-01,JOHNS,95.79,29.1968
1996-01-01,JOHNS,95.08,28.9804
1996-01-01,JOHNS,96.12,29.2974
1996-01-01,JOHNS,96.12,29.2974
1996-02-01,JOHNS,95.21,29.02
1996-02-01,JOHNS,96.25,29.337
1996-02-01,JOHNS,96.25,29.337
1996-03-01,JOHNS,94.96,28.9438
1996-03-01,JOHNS,96.0,29.2608
1996-03-01,JOHNS,96.0,29.2608
1996-04-01,JOHNS,95.73,29.1785
1996-04-01,JOHNS,96.77,29.4955
1996-04-01,JOHNS,96.77,29.4955
1996-05-01,JOHNS,95.5,29.1084
1996-05-01,JOHNS,96.54,29.4254
1996-05-01,JOHNS,96.54,29.4254
1996-06-01,JOHNS,95.11,28.9895
1996-06-01,JOHNS,96.15,29.3065
1996-06-01,JOHNS,96.15,29.3065
1996-07-01,JOHNS,95.38,29.0718
1996-07-01,JOHNS,96.42,29.3888
1996-07-01,JOHNS,96.42,29.3888
1996-08-01,JOHNS,94.79,28.892
1996-08-01,JOHNS,95.83,29.209
1996-08-01,JOHNS,95.83,29.209
1996-09-01,JOHNS,94.77,28.8859
1996-09-01,JOHNS,95.81,29.2029
1996-09-01,JOHNS,95.81,29.2029
1996-10-01,JOHNS,94.72,28.8707
1996-10-01,JOHNS,95.76,29.1876
1996-10-01,JOHNS,95.76,29.1876
1996-11-01,JOHNS,94.51,28.8066
1996-11-01,JOHNS,95.55,29.1236
1996-11-01,JOHNS,95.55,29.1236
1996-12-01,JOHNS,94.0,28.6512
1996-12-01,JOHNS,95.04,28.9682
1996-12-01,JOHNS,95.04,28.9682
1997-01-01,JOHNS,93.58,28.5232
1997-01-01,JOHNS,94.62,28.8402
1997-01-01,JOHNS,94.62,28.8402
1997-02-01,JOHNS,93.66,28.5476
1997-02-01,JOHNS,94.7,28.8646
1997-02-01,JOHNS,94.7,28.8646
1997-03-01,JOHNS,93.11,28.3799
1997-03-01,JOHNS,94.15,28.6969
1997-03-01,JOHNS,94.15,28.6969
1997-04-01,JOHNS,92.8,28.2854
1997-04-01,JOHNS,93.84,28.6024
1997-04-01,JOHNS,93.84,28.6024
1997-05-01,JOHNS,92.45,28.1788
1997-05-01,JOHNS,93.49,28.4958
1997-05-01,JOHNS,93.49,28.4958
1997-06-01,JOHNS,91.65,27.9349
1997-06-01,JOHNS,92.69,28.2519
1997-06-01,JOHNS,92.69,28.2519
1997-07-01,JOHNS,91.83,27.9898
1997-07-01,JOHNS,92.87,28.3068
1997-07-01,JOHNS,92.87,28.3068
1997-08-01,JOHNS,92.84,28.2976
1997-08-01,JOHNS,93.88,28.6146
1997-08-01,JOHNS,93.88,28.6146
1997-09-01,JOHNS,89.98,27.4259
1997-09-01,JOHNS,91.02,27.7429
1997-09-01,JOHNS,91.02,27.7429
1997-10-01,JOHNS,92.34,28.1452
1997-10-01,JOHNS,93.38,28.4622
1997-10-01,JOHNS,93.38,28.4622
1997-11-01,JOHNS,92.18,28.0965
1997-11-01,JOHNS,93.22,28.4135
1997-11-01,JOHNS,93.22,28.4135
1997-12-01,JOHNS,92.29,28.13
1997-12-01,JOHNS,93.33,28.447
1997-12-01,JOHNS,93.33,28.447
1998-01-01,JOHNS,95.01,28.959
1998-01-01,JOHNS,96.05,29.276
1998-01-01,JOHNS,96.05,29.276
1998-02-01,JOHNS,95.2,29.017
1998-02-01,JOHNS,96.24,29.334
1998-02-01,JOHNS,96.24,29.334
1998-03-01,JOHNS,96.59,29.4406
1998-03-01,JOHNS,97.63,29.7576
1998-03-01,JOHNS,97.63,29.7576
1998-04-01,JOHNS,96.9,29.5351
1998-04-01,JOHNS,97.94,29.8521
1998-04-01,JOHNS,97.94,29.8521
1998-05-01,JOHNS,95.58,29.1328
1998-05-01,JOHNS,96.62,29.4498
1998-05-01,JOHNS,96.62,29.4498
1998-06-01,JOHNS,94.86,28.9133
1998-06-01,JOHNS,95.9,29.2303
1998-06-01,JOHNS,95.9,29.2303
1998-07-01,JOHNS,94.54,28.8158
1998-07-01,JOHNS,95.58,29.1328
1998-07-01,JOHNS,95.58,29.1328
1998-08-01,JOHNS,94.69,28.8615
1998-08-01,JOHNS,95.73,29.1785
1998-08-01,JOHNS,95.73,29.1785
1998-09-01,JOHNS,94.48,28.7975
1998-09-01,JOHNS,95.52,29.1145
1998-09-01,JOHNS,95.52,29.1145
1998-10-01,JOHNS,95.14,28.9987
1998-10-01,JOHNS,96.18,29.3157
1998-10-01,JOHNS,96.18,29.3157
1998-11-01,JOHNS,94.8,28.895
1998-11-01,JOHNS,95.84,29.212
1998-11-01,JOHNS,95.84,29.212
1998-12-01,JOHNS,94.47,28.7945
1998-12-01,JOHNS,95.51,29.1114
1998-12-01,JOHNS,95.51,29.1114
1999-01-01,JOHNS,94.04,28.6634
1999-01-01,JOHNS,95.08,28.9804
1999-01-01,JOHNS,95.08,28.9804
1999-02-01,JOHNS,93.86,28.6085
1999-02-01,JOHNS,94.9,28.9255
1999-02-01,JOHNS,94.9,28.9255
1999-03-01,JOHNS,93.53,28.5079
1999-03-01,JOHNS,94.57,28.8249
1999-03-01,JOHNS,94.57,28.8249
1999-04-01,JOHNS,93.07,28.3677
1999-04-01,JOHNS,94.11,28.6847
1999-04-01,JOHNS,94.11,28.6847
1999-05-01,JOHNS,92.44,28.1757
1999-05-01,JOHNS,93.48,28.4927
1999-05-01,JOHNS,93.48,28.4927
1999-06-01,JOHNS,92.33,28.1422
1999-06-01,JOHNS,93.37,28.4592
1999-06-01,JOHNS,93.37,28.4592
1999-07-01,JOHNS,92.3,28.133
1999-07-01,JOHNS,93.34,28.45
1999-07-01,JOHNS,93.34,28.45
1999-08-12,JOHNS,91.61,27.9227
1999-08-12,JOHNS,92.65,28.2397
1999-08-12,JOHNS,92.65,28.2397
1999-09-16,JOHNS,91.53,27.8983
1999-09-16,JOHNS,92.57,28.2153
1999-09-16,JOHNS,92.57,28.2153
1999-10-07,JOHNS,92.02,28.0477
1999-10-07,JOHNS,93.06,28.3647
1999-10-07,JOHNS,93.06,28.3647
1999-11-09,JOHNS,92.31,28.1361
1999-11-09,JOHNS,93.35,28.4531
1999-11-09,JOHNS,93.35,28.4531
1999-12-06,JOHNS,91.92,28.0172
1999-12-06,JOHNS,92.96,28.3342
1999-12-06,JOHNS,92.96,28.3342
2000-01-05,JOHNS,91.8,27.9806
2000-01-05,JOHNS,92.84,28.2976
2000-01-05,JOHNS,92.84,28.2976
2000-02-10,JOHNS,72.43,22.0767
2000-02-10,JOHNS,72.43,22.0767
2000-02-10,JOHNS,91.39,27.8557
2000-02-10,JOHNS,92.43,28.1727
2000-02-10,JOHNS,92.43,28.1727
2000-03-06,JOHNS,91.05,27.752
2000-03-06,JOHNS,92.09,28.069
2000-03-06,JOHNS,92.09,28.069
2000-04-05,JOHNS,90.39,27.5509
2000-04-05,JOHNS,91.43,27.8679
2000-04-05,JOHNS,91.43,27.8679
2000-05-08,JOHNS,89.51,27.2826
2000-05-08,JOHNS,90.55,27.5996
2000-05-08,JOHNS,90.55,27.5996
2000-06-06,JOHNS,89.21,27.1912
2000-06-06,JOHNS,90.25,27.5082
2000-06-06,JOHNS,90.25,27.5082
2000-07-07,JOHNS,84.24,25.6764
2000-07-07,JOHNS,84.24,25.6764
2000-07-07,JOHNS,88.2,26.8834
2000-07-07,JOHNS,89.24,27.2004
2000-07-07,JOHNS,89.24,27.2004
2000-08-02,JOHNS,88.21,26.8864
2000-08-02,JOHNS,89.25,27.2034
2000-08-02,JOHNS,89.25,27.2034
2000-09-13,JOHNS,87.75,26.7462
2000-09-13,JOHNS,88.79,27.0632
2000-09-13,JOHNS,88.79,27.0632
2000-10-03,JOHNS,87.52,26.6761
2000-10-03,JOHNS,88.56,26.9931
2000-10-03,JOHNS,88.56,26.9931
2000-11-01,JOHNS,86.88,26.481
2000-11-01,JOHNS,87.92,26.798
2000-11-01,JOHNS,87.92,26.798
2000-11-29,JOHNS,86.489,26.3618
2000-11-29,JOHNS,87.53,26.6791
2000-11-29,JOHNS,87.53,26.6791
2000-12-29,JOHNS,86.49,26.3622
2000-12-29,JOHNS,87.53,26.6791
2000-12-29,JOHNS,87.53,26.6791
2001-01-03,JOHNS,86.13,26.2524
2001-01-03,JOHNS,87.17,26.5694
2001-01-03,JOHNS,87.17,26.5694
2001-02-28,JOHNS,85.73,26.1305
2001-02-28,JOHNS,86.77,26.4475
2001-02-28,JOHNS,86.77,26.4475
2001-04-02,JOHNS,85.57,26.0817
2001-04-02,JOHNS,86.61,26.3987
2001-04-02,JOHNS,86.61,26.3987
2001-05-02,JOHNS,85.04,25.9202
2001-05-02,JOHNS,86.08,26.2372
2001-05-02,JOHNS,86.08,26.2372
2001-06-01,JOHNS,84.44,25.7373
2001-06-01,JOHNS,85.48,26.0543
2001-06-01,JOHNS,85.48,26.0543
2001-07-03,JOHNS,83.85,25.5575
2001-07-03,JOHNS,84.89,25.8745
2001-07-03,JOHNS,84.89,25.8745
2001-08-01,JOHNS,84.04,25.6154
2001-08-01,JOHNS,85.08,25.9324
2001-08-01,JOHNS,85.08,25.9324
2001-09-05,JOHNS,84.38,25.719
2001-09-05,JOHNS,85.42,26.036
2001-09-05,JOHNS,85.42,26.036
2001-10-01,JOHNS,87.75,26.7462
2001-10-01,JOHNS,88.79,27.0632
2001-10-01,JOHNS,88.79,27.0632
2001-11-01,JOHNS,87.22,26.5847
2001-11-01,JOHNS,88.26,26.9016
2001-11-01,JOHNS,88.26,26.9016
2002-01-04,JOHNS,86.91,26.4902
2002-01-04,JOHNS,87.95,26.8072
2002-01-04,JOHNS,87.95,26.8072
2002-01-30,JOHNS,86.889,26.4838
2002-01-30,JOHNS,87.93,26.8011
2002-01-30,JOHNS,87.93,26.8011
2002-02-28,JOHNS,86.87,26.478
2002-02-28,JOHNS,87.91,26.795
2002-02-28,JOHNS,87.91,26.795
2002-03-28,JOHNS,86.71,26.4292
2002-03-28,JOHNS,87.75,26.7462
2002-03-28,JOHNS,87.75,26.7462
2002-05-03,JOHNS,85.91,26.1854
2002-05-03,JOHNS,86.95,26.5024
2002-05-03,JOHNS,86.95,26.5024
2002-05-30,JOHNS,85.339,26.0113
2002-05-30,JOHNS,86.38,26.3286
2002-05-30,JOHNS,86.38,26.3286
2002-07-08,JOHNS,87.74,26.7432
2002-07-08,JOHNS,88.78,27.0601
2002-07-08,JOHNS,88.78,27.0601
2002-08-01,JOHNS,88.45,26.9596
2002-08-01,JOHNS,89.49,27.2766
2002-08-01,JOHNS,89.49,27.2766
2003-01-02,JOHNS,91.73,27.9593
2003-01-02,JOHNS,92.77,28.2763
2003-01-02,JOHNS,92.77,28.2763
2003-01-27,JOHNS,92.139,28.084
2003-01-27,JOHNS,93.18,28.4013
2003-01-27,JOHNS,93.18,28.4013
2003-03-04,JOHNS,92.24,28.1148
2003-03-04,JOHNS,93.28,28.4317
2003-03-04,JOHNS,93.28,28.4317
2003-03-31,JOHNS,92.809,28.2882
2003-03-31,JOHNS,93.85,28.6055
2003-03-31,JOHNS,93.85,28.6055
2003-04-30,JOHNS,92.52,28.2001
2003-04-30,JOHNS,93.56,28.5171
2003-04-30,JOHNS,93.56,28.5171
2003-06-02,JOHNS,92.15,28.0873
2003-06-02,JOHNS,93.19,28.4043
2003-06-02,JOHNS,93.19,28.4043
2003-07-02,JOHNS,93.4,28.4683
2003-07-02,JOHNS,94.44,28.7853
2003-07-02,JOHNS,94.44,28.7853
2003-08-05,JOHNS,94.64,28.8463
2003-08-05,JOHNS,95.68,29.1633
2003-08-05,JOHNS,95.68,29.1633
2003-09-02,JOHNS,96.12,29.2974
2003-09-02,JOHNS,97.16,29.6144
2003-09-02,JOHNS,97.16,29.6144
2003-10-06,JOHNS,96.27,29.3431
2003-10-06,JOHNS,97.31,29.6601
2003-10-06,JOHNS,97.31,29.6601
2003-11-03,JOHNS,95.99,29.2578
2003-11-03,JOHNS,97.03,29.5747
2003-11-03,JOHNS,97.03,29.5747
2003-11-25,JOHNS,95.789,29.1965
2003-11-25,JOHNS,96.83,29.5138
2003-11-25,JOHNS,96.83,29.5138
2004-01-05,JOHNS,95.55,29.1236
2004-01-05,JOHNS,96.59,29.4406
2004-01-05,JOHNS,96.59,29.4406
2004-02-02,JOHNS,95.54,29.1206
2004-02-02,JOHNS,96.58,29.4376
2004-02-02,JOHNS,96.58,29.4376
2004-03-02,JOHNS,95.72,29.1755
2004-03-02,JOHNS,96.76,29.4924
2004-03-02,JOHNS,96.76,29.4924
2004-04-05,JOHNS,95.13,28.9956
2004-04-05,JOHNS,96.17,29.3126
2004-04-05,JOHNS,96.17,29.3126
2004-04-30,JOHNS,94.629,28.8429
2004-04-30,JOHNS,95.67,29.1602
2004-04-30,JOHNS,95.67,29.1602
2004-06-07,JOHNS,95.31,29.0505
2004-06-07,JOHNS,96.35,29.3675
2004-06-07,JOHNS,96.35,29.3675
2004-07-02,JOHNS,94.51,28.8066
2004-07-02,JOHNS,95.55,29.1236
2004-07-02,JOHNS,95.55,29.1236
2004-08-02,JOHNS,94.44,28.7853
2004-08-02,JOHNS,95.48,29.1023
2004-08-02,JOHNS,95.48,29.1023
2004-09-03,JOHNS,96.17,29.3126
2004-09-03,JOHNS,97.21,29.6296
2004-09-03,JOHNS,97.21,29.6296
2004-09-10,JOHNS,97.4,29.6875
2004-09-10,JOHNS,98.44,30.0045
2004-09-10,JOHNS,98.44,30.0045
2004-09-27,JOHNS,98.11,29.9039
2004-09-27,JOHNS,99.15,30.2209
2004-09-27,JOHNS,99.15,30.2209
2004-11-01,JOHNS,97.82,29.8155
2004-11-01,JOHNS,98.86,30.1325
2004-11-01,JOHNS,98.86,30.1325
2004-12-01,JOHNS,97.25,29.6418
2004-12-01,JOHNS,98.29,29.9588
2004-12-01,JOHNS,98.29,29.9588
2005-01-05,JOHNS,96.79,29.5016
2005-01-05,JOHNS,97.83,29.8186
2005-01-05,JOHNS,97.83,29.8186
2005-01-31,JOHNS,96.6,29.4437
2005-01-31,JOHNS,97.64,29.7607
2005-01-31,JOHNS,97.64,29.7607
2005-03-02,JOHNS,96.25,29.337
2005-03-02,JOHNS,97.29,29.654
2005-03-02,JOHNS,97.29,29.654
2005-04-04,JOHNS,96.39,29.3797
2005-04-04,JOHNS,97.43,29.6967
2005-04-04,JOHNS,97.43,29.6967
2005-05-02,JOHNS,95.84,29.212
2005-05-02,JOHNS,96.88,29.529
2005-05-02,JOHNS,96.88,29.529
2005-06-02,JOHNS,95.8,29.1998
2005-06-02,JOHNS,96.84,29.5168
2005-06-02,JOHNS,96.84,29.5168
2005-07-01,JOHNS,97.01,29.5686
2005-07-01,JOHNS,98.05,29.8856
2005-07-01,JOHNS,98.05,29.8856
2005-08-05,JOHNS,97.37,29.6784
2005-08-05,JOHNS,98.41,29.9954
2005-08-05,JOHNS,98.41,29.9954
2005-09-02,JOHNS,97.23,29.6357
2005-09-02,JOHNS,98.27,29.9527
2005-09-02,JOHNS,98.27,29.9527
2005-10-04,JOHNS,97.08,29.59
2005-10-04,JOHNS,98.12,29.907
2005-10-04,JOHNS,98.12,29.907
2005-10-31,JOHNS,97.17,29.6174
2005-10-31,JOHNS,98.21,29.9344
2005-10-31,JOHNS,98.21,29.9344
2005-12-02,JOHNS,96.73,29.4833
2005-12-02,JOHNS,97.77,29.8003
2005-12-02,JOHNS,97.77,29.8003
2006-01-06,JOHNS,96.59,29.4406
2006-01-06,JOHNS,97.63,29.7576
2006-01-06,JOHNS,97.63,29.7576
2006-02-02,JOHNS,96.19,29.3187
2006-02-02,JOHNS,97.23,29.6357
2006-02-02,JOHNS,97.23,29.6357
2006-03-03,JOHNS,96.13,29.3004
2006-03-03,JOHNS,97.17,29.6174
2006-03-03,JOHNS,97.17,29.6174
2006-04-07,JOHNS,95.39,29.0749
2006-04-07,JOHNS,96.43,29.3919
2006-04-07,JOHNS,96.43,29.3919
2006-05-03,JOHNS,94.86,28.9133
2006-05-03,JOHNS,95.9,29.2303
2006-05-03,JOHNS,95.9,29.2303
2006-06-06,JOHNS,94.31,28.7457
2006-06-06,JOHNS,95.35,29.0627
2006-06-06,JOHNS,95.35,29.0627
2006-07-07,JOHNS,94.53,28.8127
2006-07-07,JOHNS,95.57,29.1297
2006-07-07,JOHNS,95.57,29.1297
2006-08-04,JOHNS,94.96,28.9438
2006-08-04,JOHNS,96.0,29.2608
2006-08-04,JOHNS,96.0,29.2608
2006-09-12,JOHNS,95.15,29.0017
2006-09-12,JOHNS,96.19,29.3187
2006-09-12,JOHNS,96.19,29.3187
2006-10-04,JOHNS,95.1,28.9865
2006-10-04,JOHNS,96.14,29.3035
2006-10-04,JOHNS,96.14,29.3035
2006-11-09,JOHNS,94.58,28.828
2006-11-09,JOHNS,95.62,29.145
2006-11-09,JOHNS,95.62,29.145
2006-12-11,JOHNS,94.14,28.6939
2006-12-11,JOHNS,95.18,29.0109
2006-12-11,JOHNS,95.18,29.0109
2007-01-05,JOHNS,94.25,28.7274
2007-01-05,JOHNS,95.29,29.0444
2007-01-05,JOHNS,95.29,29.0444
2007-02-05,JOHNS,94.04,28.6634
2007-02-05,JOHNS,95.08,28.9804
2007-02-05,JOHNS,95.08,28.9804
2007-03-07,JOHNS,93.67,28.5506
2007-03-07,JOHNS,94.71,28.8676
2007-03-07,JOHNS,94.71,28.8676
2007-04-06,JOHNS,93.23,28.4165
2007-04-06,JOHNS,94.27,28.7335
2007-04-06,JOHNS,94.27,28.7335
2007-05-09,JOHNS,92.37,28.1544
2007-05-09,JOHNS,93.41,28.4714
2007-05-09,JOHNS,93.41,28.4714
2007-06-07,JOHNS,91.78,27.9745
2007-06-07,JOHNS,92.82,28.2915
2007-06-07,JOHNS,92.82,28.2915
2007-07-11,JOHNS,91.58,27.9136
2007-07-11,JOHNS,92.62,28.2306
2007-07-11,JOHNS,92.62,28.2306
2007-08-10,JOHNS,91.73,27.9593
2007-08-10,JOHNS,92.77,28.2763
2007-08-10,JOHNS,92.77,28.2763
2007-09-11,JOHNS,91.85,27.9959
2007-09-11,JOHNS,92.89,28.3129
2007-09-11,JOHNS,92.89,28.3129
2007-10-08,JOHNS,92.24,28.1148
2007-10-08,JOHNS,93.28,28.4317
2007-10-08,JOHNS,93.28,28.4317
2007-11-07,JOHNS,92.2,28.1026
2007-11-07,JOHNS,93.24,28.4196
2007-11-07,JOHNS,93.24,28.4196
2007-12-06,JOHNS,91.83,27.9898
2007-12-06,JOHNS,92.87,28.3068
2007-12-06,JOHNS,92.87,28.3068
2008-01-02,JOHNS,91.68,27.9441
2008-01-02,JOHNS,92.72,28.2611
2008-01-02,JOHNS,92.72,28.2611
2008-02-06,JOHNS,91.76,27.9684
2008-02-06,JOHNS,92.8,28.2854
2008-02-06,JOHNS,92.8,28.2854
2008-03-06,JOHNS,91.46,27.877
2008-03-06,JOHNS,92.5,28.194
2008-03-06,JOHNS,92.5,28.194
2008-04-10,JOHNS,91.55,27.9044
2008-04-10,JOHNS,92.59,28.2214
2008-04-10,JOHNS,92.59,28.2214
2008-05-07,JOHNS,91.12,27.7734
2008-05-07,JOHNS,92.16,28.0904
2008-05-07,JOHNS,92.16,28.0904
2008-06-05,JOHNS,90.32,27.5295
2008-06-05,JOHNS,91.36,27.8465
2008-06-05,JOHNS,91.36,27.8465
2008-07-01,JOHNS,90.26,27.5112
2008-07-01,JOHNS,91.3,27.8282
2008-07-01,JOHNS,91.3,27.8282
2008-08-12,JOHNS,91.8,27.9806
2008-08-12,JOHNS,92.84,28.2976
2008-08-12,JOHNS,92.84,28.2976
2008-09-11,JOHNS,94.77,28.8859
2008-09-11,JOHNS,95.81,29.2029
2008-09-11,JOHNS,95.81,29.2029
2008-10-10,JOHNS,94.98,28.9499
2008-10-10,JOHNS,96.02,29.2669
2008-10-10,JOHNS,96.02,29.2669
2008-11-11,JOHNS,94.63,28.8432
2008-11-11,JOHNS,95.67,29.1602
2008-11-11,JOHNS,95.67,29.1602
2008-12-09,JOHNS,94.43,28.7823
2008-12-09,JOHNS,95.47,29.0993
2008-12-09,JOHNS,95.47,29.0993
2009-01-12,JOHNS,94.04,28.6634
2009-01-12,JOHNS,95.08,28.9804
2009-01-12,JOHNS,95.08,28.9804
2009-02-18,JOHNS,93.76,28.578
2009-02-18,JOHNS,94.8,28.895
2009-02-18,JOHNS,94.8,28.895
2009-06-08,JOHNS,95.21,29.02
2009-06-08,JOHNS,96.25,29.337
2009-06-08,JOHNS,96.25,29.337
2009-07-10,JOHNS,96.21,29.3248
2009-07-10,JOHNS,97.25,29.6418
2009-07-10,JOHNS,97.25,29.6418
2009-08-10,JOHNS,96.99,29.5626
2009-08-10,JOHNS,98.03,29.8795
2009-08-10,JOHNS,98.03,29.8795
2009-09-25,JOHNS,97.08,29.59
2009-09-25,JOHNS,98.12,29.907
2009-09-25,JOHNS,98.12,29.907
2009-10-25,JOHNS,97.08,29.59
2009-10-25,JOHNS,98.12,29.907
2009-10-25,JOHNS,98.12,29.907
2009-11-13,JOHNS,96.02,29.2669
2009-11-13,JOHNS,97.06,29.5839
2009-11-13,JOHNS,97.06,29.5839
2010-02-16,JOHNS,95.89,29.2273
2010-02-16,JOHNS,96.93,29.5443
2010-02-16,JOHNS,96.93,29.5443
2010-08-25,JOHNS,95.81,29.2029
2010-08-25,JOHNS,96.85,29.5199
2010-08-25,JOHNS,96.85,29.5199
2010-10-25,JOHNS,95.51,29.1114
2010-10-25,JOHNS,96.551,29.4287
2010-10-25,JOHNS,96.551,29.4287
2011-01-25,JOHNS,94.55,28.8188
2011-01-25,JOHNS,95.591,29.1361
2011-01-25,JOHNS,95.591,29.1361
2011-02-25,JOHNS,94.47,28.7945
2011-02-25,JOHNS,95.511,29.1118
2011-02-25,JOHNS,95.511,29.1118
2011-03-25,JOHNS,94.09,28.6786
2011-03-25,JOHNS,95.131,28.9959
2011-03-25,JOHNS,95.131,28.9959
2011-04-26,JOHNS,94.42,28.7792
2011-04-26,JOHNS,95.461,29.0965
2011-04-26,JOHNS,95.461,29.0965
2011-05-25,JOHNS,93.68,28.5537
2011-05-25,JOHNS,94.721,28.871
2011-05-25,JOHNS,94.721,28.871
2011-06-25,JOHNS,93.23,28.4165
2011-06-25,JOHNS,94.271,28.7338
2011-06-25,JOHNS,94.271,28.7338
2011-07-25,JOHNS,94.2,28.7122
2011-07-25,JOHNS,95.241,29.0295
2011-07-25,JOHNS,95.241,29.0295
2011-08-25,JOHNS,92.96,28.3342
2011-08-25,JOHNS,94.001,28.6515
2011-08-25,JOHNS,94.001,28.6515
2011-09-26,JOHNS,93.05,28.3616
2011-09-26,JOHNS,94.091,28.6789
2011-09-26,JOHNS,94.091,28.6789
2011-10-26,JOHNS,93.29,28.4348
2011-10-26,JOHNS,94.331,28.7521
2011-10-26,JOHNS,94.331,28.7521
2011-11-23,JOHNS,93.1,28.3769
2011-11-23,JOHNS,94.141,28.6942
2011-11-23,JOHNS,94.141,28.6942
2011-12-24,JOHNS,92.51,28.197
2011-12-24,JOHNS,93.551,28.5143
2011-12-24,JOHNS,93.551,28.5143
2012-01-26,JOHNS,92.05,28.0568
2012-01-26,JOHNS,93.091,28.3741
2012-01-26,JOHNS,93.091,28.3741
2012-02-25,JOHNS,91.34,27.8404
2012-02-25,JOHNS,92.381,28.1577
2012-02-25,JOHNS,92.381,28.1577
2012-03-26,JOHNS,91.07,27.7581
2012-03-26,JOHNS,92.111,28.0754
2012-03-26,JOHNS,92.111,28.0754
2012-04-25,JOHNS,90.5,27.5844
2012-04-25,JOHNS,91.541,27.9017
2012-04-25,JOHNS,91.541,27.9017
2012-05-24,JOHNS,89.82,27.3771
2012-05-24,JOHNS,90.861,27.6944
2012-05-24,JOHNS,90.861,27.6944
2012-06-26,JOHNS,91.31,27.8313
2012-06-26,JOHNS,92.351,28.1486
2012-06-26,JOHNS,92.351,28.1486
2012-07-24,JOHNS,92.28,28.1269
2012-07-24,JOHNS,93.321,28.4442
2012-07-24,JOHNS,93.321,28.4442
2012-08-28,JOHNS,92.83,28.2946
2012-08-28,JOHNS,93.871,28.6119
2012-08-28,JOHNS,93.871,28.6119
2012-09-26,JOHNS,93.2,28.4074
2012-09-26,JOHNS,94.241,28.7247
2012-09-26,JOHNS,94.241,28.7247
2012-10-23,JOHNS,93.86,28.6085
2012-10-23,JOHNS,94.901,28.9258
2012-10-23,JOHNS,94.901,28.9258
2012-11-26,JOHNS,93.26,28.4256
2012-11-26,JOHNS,94.301,28.7429
2012-11-26,JOHNS,94.301,28.7429
2012-12-20,JOHNS,92.99,28.3434
2012-12-20,JOHNS,94.031,28.6606
2012-12-20,JOHNS,94.031,28.6606
2013-01-25,JOHNS,92.66,28.2428
2013-01-25,JOHNS,93.701,28.5601
2013-01-25,JOHNS,93.701,28.5601
2013-02-25,JOHNS,91.0,27.7368
2013-02-25,JOHNS,92.041,28.0541
2013-02-25,JOHNS,92.041,28.0541
2013-03-21,JOHNS,90.64,27.6271
2013-03-21,JOHNS,91.681,27.9444
2013-03-21,JOHNS,91.681,27.9444
2013-04-25,JOHNS,91.29,27.8252
2013-04-25,JOHNS,92.331,28.1425
2013-04-25,JOHNS,92.331,28.1425
2013-05-23,JOHNS,91.28,27.8221
2013-05-23,JOHNS,92.321,28.1394
2013-05-23,JOHNS,92.321,28.1394
2013-06-26,JOHNS,92.43,28.1727
2013-06-26,JOHNS,93.471,28.49
2013-06-26,JOHNS,93.471,28.49
2013-07-25,JOHNS,93.05,28.3616
2013-07-25,JOHNS,94.091,28.6789
2013-07-25,JOHNS,94.091,28.6789
2013-08-26,JOHNS,93.76,28.578
2013-08-26,JOHNS,94.801,28.8953
2013-08-26,JOHNS,94.801,28.8953
2013-09-23,JOHNS,93.97,28.6421
2013-09-23,JOHNS,95.011,28.9594
2013-09-23,JOHNS,95.011,28.9594
2013-10-25,JOHNS,94.14,28.6939
2013-10-25,JOHNS,95.181,29.0112
2013-10-25,JOHNS,95.181,29.0112
2013-11-25,JOHNS,93.62,28.5354
2013-11-25,JOHNS,94.661,28.8527
2013-11-25,JOHNS,94.661,28.8527
2013-12-26,JOHNS,93.19,28.4043
2013-12-26,JOHNS,94.231,28.7216
2013-12-26,JOHNS,94.231,28.7216
2014-01-25,JOHNS,92.87,28.3068
2014-01-25,JOHNS,93.911,28.6241
2014-01-25,JOHNS,93.911,28.6241
2014-02-25,JOHNS,92.92,28.322
2014-02-25,JOHNS,93.961,28.6393
2014-02-25,JOHNS,93.961,28.6393
2014-03-25,JOHNS,92.84,28.2976
2014-03-25,JOHNS,93.881,28.6149
2014-03-25,JOHNS,93.881,28.6149
2014-04-23,JOHNS,92.68,28.2489
2014-04-23,JOHNS,93.721,28.5662
2014-04-23,JOHNS,93.721,28.5662
2014-05-27,JOHNS,92.76,28.2732
2014-05-27,JOHNS,93.801,28.5905
2014-05-27,JOHNS,93.801,28.5905
2014-06-25,JOHNS,92.81,28.2885
2014-06-25,JOHNS,93.851,28.6058
2014-06-25,JOHNS,93.851,28.6058
2014-07-23,JOHNS,93.42,28.4744
2014-07-23,JOHNS,94.461,28.7917
2014-07-23,JOHNS,94.461,28.7917
2014-08-25,JOHNS,93.61,28.5323
2014-08-25,JOHNS,94.651,28.8496
2014-08-25,JOHNS,94.651,28.8496
2014-09-25,JOHNS,93.86,28.6085
2014-09-25,JOHNS,94.901,28.9258
2014-09-25,JOHNS,94.901,28.9258
2014-10-26,JOHNS,94.61,28.8371
2014-10-26,JOHNS,95.651,29.1544
2014-10-26,JOHNS,95.651,29.1544
2014-11-24,JOHNS,94.34,28.7548
2014-11-24,JOHNS,95.381,29.0721
2014-11-24,JOHNS,95.381,29.0721
2014-12-27,JOHNS,95.01,28.959
2014-12-27,JOHNS,96.051,29.2763
2014-12-27,JOHNS,96.051,29.2763
2015-01-25,JOHNS,95.21,29.02
2015-01-25,JOHNS,96.251,29.3373
2015-01-25,JOHNS,96.251,29.3373
2015-02-25,JOHNS,95.45,29.0932
2015-02-25,JOHNS,96.491,29.4105
2015-02-25,JOHNS,96.491,29.4105
2015-03-24,JOHNS,95.25,29.0322
2015-03-24,JOHNS,96.291,29.3495
2015-03-24,JOHNS,96.291,29.3495
2015-04-23,JOHNS,95.3,29.0474
2015-04-23,JOHNS,96.341,29.3647
2015-04-23,JOHNS,96.341,29.3647
2015-05-26,JOHNS,94.67,28.8554
2015-05-26,JOHNS,95.711,29.1727
2015-05-26,JOHNS,95.711,29.1727
2015-06-28,JOHNS,94.35,28.7579
2015-06-28,JOHNS,95.391,29.0752
2015-06-28,JOHNS,95.391,29.0752
2015-07-25,JOHNS,94.25,28.7274
2015-07-25,JOHNS,95.291,29.0447
2015-07-25,JOHNS,95.291,29.0447
2015-08-25,JOHNS,95.27,29.0383
2015-08-25,JOHNS,96.311,29.3556
2015-08-25,JOHNS,96.311,29.3556
2015-09-23,JOHNS,96.0,29.2608
2015-09-23,JOHNS,97.041,29.5781
2015-09-23,JOHNS,97.041,29.5781
2015-10-26,JOHNS,96.33,29.3614
2015-10-26,JOHNS,97.371,29.6787
2015-10-26,JOHNS,97.371,29.6787
2015-11-25,JOHNS,95.95,29.2456
2015-11-25,JOHNS,96.991,29.5629
2015-11-25,JOHNS,96.991,29.5629
2015-12-24,JOHNS,95.6,29.1389
2015-12-24,JOHNS,96.641,29.4562
2015-12-24,JOHNS,96.641,29.4562
2016-01-25,JOHNS,95.4,29.0779
2016-01-25,JOHNS,96.441,29.3952
2016-01-25,JOHNS,96.441,29.3952
2016-02-26,JOHNS,95.91,29.2334
2016-02-26,JOHNS,96.951,29.5507
2016-02-26,JOHNS,96.951,29.5507
2016-03-24,JOHNS,95.33,29.0566
2016-03-24,JOHNS,96.371,29.3739
2016-03-24,JOHNS,96.371,29.3739
2016-04-06,JOHNS,95.45,29.0932
2016-04-06,JOHNS,96.491,29.4105
2016-04-06,JOHNS,96.491,29.4105
2016-05-11,JOHNS,94.77,28.8859
2016-05-11,JOHNS,95.811,29.2032
2016-05-11,JOHNS,95.811,29.2032
2016-06-08,JOHNS,95.03,28.9651
2016-06-08,JOHNS,96.071,29.2824
2016-06-08,JOHNS,96.071,29.2824
2016-07-13,JOHNS,94.78,28.8889
2016-07-13,JOHNS,95.821,29.2062
2016-07-13,JOHNS,95.821,29.2062
2016-08-11,JOHNS,94.98,28.9499
2016-08-11,JOHNS,96.021,29.2672
2016-08-11,JOHNS,96.021,29.2672
2016-09-07,JOHNS,95.95,29.2456
2016-09-07,JOHNS,96.991,29.5629
2016-09-07,JOHNS,96.991,29.5629
2016-10-05,JOHNS,95.95,29.2456
2016-10-05,JOHNS,96.991,29.5629
2016-10-05,JOHNS,96.991,29.5629
2016-10-13,JOHNS,96.42,29.3888
2016-10-13,JOHNS,97.461,29.7061
2016-10-13,JOHNS,97.461,29.7061
2016-11-23,JOHNS,95.31,29.0505
2016-11-23,JOHNS,96.351,29.3678
2016-11-23,JOHNS,96.351,29.3678
2016-12-29,JOHNS,94.86,28.9133
2016-12-29,JOHNS,95.901,29.2306
2016-12-29,JOHNS,95.901,29.2306
2017-02-25,JOHNS,94.34,28.7548
2017-02-25,JOHNS,95.381,29.0721
2017-03-24,JOHNS,93.79,28.5872
2017-03-24,JOHNS,94.831,28.9045
2017-05-23,JOHNS,91.19,27.7947
2017-06-24,JOHNS,93.08,28.3708
2017-08-24,JOHNS,95.68,29.1633
2017-12-05,JOHNS,95.72,29.1755
2018-02-27,JOHNS,94.76,28.8828
2018-03-21,JOHNS,94.51,28.8066
2018-05-15,JOHNS,94.18,28.7061
2018-06-05,JOHNS,94.99,28.953
2018-08-09,JOHNS,97.07,29.5869
2018-09-07,JOHNS,97.33,29.6662
2018-11-06,JOHNS,96.41,29.3858
2018-12-05,JOHNS,95.85,29.2151
2019-02-06,JOHNS,96.2,29.3218
2019-03-11,JOHNS,95.65,29.1541
2019-05-06,JOHNS,95.07,28.9773
2019-06-03,JOHNS,94.71,28.8676
2019-08-20,JOHNS,96.27,29.3431
2019-09-18,JOHNS,96.7,29.4742
2019-11-07,JOHNS,96.55,29.4284
2019-12-02,JOHNS,96.21,29.3248
2020-05-05,JOHNS,94.45,28.7884
2020-06-01,JOHNS,94.03,28.6603
2023-07-07,JOHNS,94.11,28.6847
2023-08-01,JOHNS,93.99,28.6482
2023-09-05,JOHNS,93.96,28.639
2023-10-04,JOHNS,94.01,28.6542
2023-11-02,JOHNS,93.46,28.4866
2023-12-01,JOHNS,93.76,28.578
2024-01-25,JOHNS,94.36,28.7609
2024-02-05,JOHNS,94.22,28.7183
2024-03-04,JOHNS,94.385,28.7685
2024-04-01,JOHNS,93.985,28.6466
2024-05-02,JOHNS,93.405,28.4698
2024-06-03,JOHNS,92.655,28.2412
2025-01-08,JOHNS,95.31,29.0505
2025-02-04,JOHNS,95.2,29.017
2025-03-03,JOHNS,94.91,28.9286
2025-04-01,JOHNS,94.44,28.7853
2025-05-07,JOHNS,93.46,28.4866
2025-06-02,JOHNS,93.94,28.6329
2025-07-01,JOHNS,94.82,28.9011
2025-08-04,JOHNS,95.24,29.0292
2025-09-05,JOHNS,95.76,29.1876
2025-10-06,JOHNS,95.96,29.2486
2025-11-03,JOHNS,96.16,29.3096
2025-12-01,JOHNS,95.74,29.1816
2026-01-06,JOHNS,95.88,29.2242
2026-02-03,JOHNS,95.41,29.081
2026-03-02,JOHNS,95.14,28.9987
2026-04-02,JOHNS,94.73,28.8737
2026-05-01,JOHNS,94.18,28.7061
