year,month,monthly_total_mm,n_days_reported,days_in_month,complete,season,date
1948,9,341.9,29,30,True,wet,1948-09-01
1948,10,63.5,31,31,True,dry,1948-10-01
1948,11,14.299999999999999,30,30,True,dry,1948-11-01
1948,12,21.6,31,31,True,dry,1948-12-01
1949,1,7.999999999999999,31,31,True,dry,1949-01-01
1949,2,31.8,28,28,True,dry,1949-02-01
1949,3,54.699999999999996,31,31,True,dry,1949-03-01
1949,4,63.5,30,30,True,dry,1949-04-01
1949,5,16.7,31,31,True,dry,1949-05-01
1949,6,264.2,30,30,True,wet,1949-06-01
1949,7,159.6,31,31,True,wet,1949-07-01
1949,8,367.09999999999997,31,31,True,wet,1949-08-01
1949,9,183.1,30,30,True,wet,1949-09-01
1949,10,35.400000000000006,31,31,True,dry,1949-10-01
1949,11,17.7,30,30,True,dry,1949-11-01
1949,12,181.20000000000002,31,31,True,dry,1949-12-01
1950,1,0.0,31,31,True,dry,1950-01-01
1950,2,6.1,28,28,True,dry,1950-02-01
1950,3,112.6,31,31,True,dry,1950-03-01
1950,4,118.3,30,30,True,dry,1950-04-01
1950,5,21.1,31,31,True,dry,1950-05-01
1950,6,99.89999999999999,27,30,True,wet,1950-06-01
1950,7,93.7,31,31,True,wet,1950-07-01
1950,8,151.5,31,31,True,wet,1950-08-01
1950,9,195.9,30,30,True,wet,1950-09-01
1950,10,214.6,31,31,True,dry,1950-10-01
1950,11,2.0,30,30,True,dry,1950-11-01
1950,12,104.5,31,31,True,dry,1950-12-01
1951,1,4.1,31,31,True,dry,1951-01-01
1951,2,70.5,28,28,True,dry,1951-02-01
1951,3,19.8,31,31,True,dry,1951-03-01
1951,4,107.0,30,30,True,dry,1951-04-01
1951,5,67.4,31,31,True,dry,1951-05-01
1951,6,124.5,30,30,True,wet,1951-06-01
1951,7,203.79999999999998,31,31,True,wet,1951-07-01
1951,8,59.699999999999996,31,31,True,wet,1951-08-01
1951,9,278.59999999999997,30,30,True,wet,1951-09-01
1959,3,226.5,31,31,True,dry,1959-03-01
1959,4,97.0,30,30,True,dry,1959-04-01
1959,5,87.8,31,31,True,dry,1959-05-01
1959,6,254.5,30,30,True,wet,1959-06-01
1959,7,215.7,31,31,True,wet,1959-07-01
1959,8,339.0,31,31,True,wet,1959-08-01
1959,9,273.9,30,30,True,wet,1959-09-01
1959,10,219.2,31,31,True,dry,1959-10-01
1959,11,10.7,27,30,True,dry,1959-11-01
1959,12,48.3,31,31,True,dry,1959-12-01
1960,1,31.8,31,31,True,dry,1960-01-01
1960,2,118.9,27,29,True,dry,1960-02-01
1960,3,316.5,31,31,True,dry,1960-03-01
1960,4,50.0,30,30,True,dry,1960-04-01
1960,5,85.1,31,31,True,dry,1960-05-01
1960,6,278.0,30,30,True,wet,1960-06-01
1960,7,194.8,31,31,True,wet,1960-07-01
1960,8,228.7,31,31,True,wet,1960-08-01
1960,9,523.6,30,30,True,wet,1960-09-01
1960,10,148.5,31,31,True,dry,1960-10-01
1960,11,0.0,30,30,True,dry,1960-11-01
1960,12,40.900000000000006,31,31,True,dry,1960-12-01
1961,1,54.1,31,31,True,dry,1961-01-01
1961,2,90.3,28,28,True,dry,1961-02-01
1961,3,20.8,31,31,True,dry,1961-03-01
1961,4,43.0,30,30,True,dry,1961-04-01
1961,5,41.2,31,31,True,dry,1961-05-01
1961,6,105.2,30,30,True,wet,1961-06-01
1961,7,88.2,31,31,True,wet,1961-07-01
1961,8,122.5,31,31,True,wet,1961-08-01
1961,9,60.199999999999996,30,30,True,wet,1961-09-01
1961,10,59.1,31,31,True,dry,1961-10-01
1961,11,8.2,30,30,True,dry,1961-11-01
1961,12,20.3,31,31,True,dry,1961-12-01
1962,1,21.6,31,31,True,dry,1962-01-01
1962,2,26.6,28,28,True,dry,1962-02-01
1962,3,97.5,31,31,True,dry,1962-03-01
1962,4,35.0,30,30,True,dry,1962-04-01
1962,5,33.3,28,31,True,dry,1962-05-01
1962,6,147.8,30,30,True,wet,1962-06-01
1962,7,187.7,31,31,True,wet,1962-07-01
1962,8,151.7,31,31,True,wet,1962-08-01
1962,9,163.2,28,30,True,wet,1962-09-01
1962,10,34.3,31,31,True,dry,1962-10-01
1962,11,64.8,30,30,True,dry,1962-11-01
1962,12,48.3,31,31,True,dry,1962-12-01
1963,1,69.4,31,31,True,dry,1963-01-01
1963,2,183.2,28,28,True,dry,1963-02-01
1963,3,52.4,31,31,True,dry,1963-03-01
1963,4,5.1,30,30,True,dry,1963-04-01
1963,5,124.0,31,31,True,dry,1963-05-01
1963,6,123.7,30,30,True,wet,1963-06-01
1963,7,180.5,31,31,True,wet,1963-07-01
1963,8,155.7,31,31,True,wet,1963-08-01
1963,9,150.6,30,30,True,wet,1963-09-01
1963,10,95.3,31,31,True,dry,1963-10-01
1963,12,64.8,31,31,True,dry,1963-12-01
1964,1,92.7,31,31,True,dry,1964-01-01
1964,3,65.0,31,31,True,dry,1964-03-01
1964,4,135.7,30,30,True,dry,1964-04-01
1964,5,94.0,31,31,True,dry,1964-05-01
1964,7,175.1,31,31,True,wet,1964-07-01
1964,12,48.0,31,31,True,dry,1964-12-01
1965,2,79.0,18,28,False,dry,1965-02-01
1965,3,55.9,31,31,True,dry,1965-03-01
1965,4,26.8,30,30,True,dry,1965-04-01
1965,5,0.0,31,31,True,dry,1965-05-01
1965,6,213.4,30,30,True,wet,1965-06-01
1965,7,215.2,31,31,True,wet,1965-07-01
1965,8,105.5,31,31,True,wet,1965-08-01
1965,9,119.8,30,30,True,wet,1965-09-01
1965,10,53.7,31,31,True,dry,1965-10-01
1965,11,23.7,30,30,True,dry,1965-11-01
1965,12,66.6,31,31,True,dry,1965-12-01
1966,1,131.1,31,31,True,dry,1966-01-01
1966,2,179.5,28,28,True,dry,1966-02-01
1966,3,11.399999999999999,31,31,True,dry,1966-03-01
1966,4,49.0,30,30,True,dry,1966-04-01
1966,5,111.5,31,31,True,dry,1966-05-01
1966,6,249.6,30,30,True,wet,1966-06-01
1966,7,129.8,31,31,True,wet,1966-07-01
1966,8,178.9,31,31,True,wet,1966-08-01
1966,9,155.0,30,30,True,wet,1966-09-01
1966,10,57.300000000000004,31,31,True,dry,1966-10-01
1966,11,3.1,30,30,True,dry,1966-11-01
1966,12,42.6,31,31,True,dry,1966-12-01
1967,1,19.900000000000002,31,31,True,dry,1967-01-01
1967,2,105.2,28,28,True,dry,1967-02-01
1967,3,13.9,31,31,True,dry,1967-03-01
1967,4,1.0,30,30,True,dry,1967-04-01
1967,5,11.5,31,31,True,dry,1967-05-01
1967,6,246.8,30,30,True,wet,1967-06-01
1967,7,271.5,31,31,True,wet,1967-07-01
1967,8,162.8,31,31,True,wet,1967-08-01
1967,9,179.9,30,30,True,wet,1967-09-01
1967,10,6.3,31,31,True,dry,1967-10-01
1967,11,2.0,30,30,True,dry,1967-11-01
1967,12,73.7,31,31,True,dry,1967-12-01
1968,1,6.9,31,31,True,dry,1968-01-01
1968,2,78.8,29,29,True,dry,1968-02-01
1968,3,22.4,31,31,True,dry,1968-03-01
1968,4,11.9,30,30,True,dry,1968-04-01
1968,5,127.4,31,31,True,dry,1968-05-01
1968,6,391.7,30,30,True,wet,1968-06-01
1968,7,238.2,31,31,True,wet,1968-07-01
1968,8,120.39999999999999,31,31,True,wet,1968-08-01
1968,9,90.4,30,30,True,wet,1968-09-01
1968,10,79.3,31,31,True,dry,1968-10-01
1968,11,67.2,30,30,True,dry,1968-11-01
1968,12,7.8999999999999995,31,31,True,dry,1968-12-01
1969,1,55.9,31,31,True,dry,1969-01-01
1969,2,48.0,28,28,True,dry,1969-02-01
1969,3,146.3,31,31,True,dry,1969-03-01
1969,4,69.3,30,30,True,dry,1969-04-01
1969,5,76.3,31,31,True,dry,1969-05-01
1969,6,93.8,30,30,True,wet,1969-06-01
1969,7,116.19999999999999,31,31,True,wet,1969-07-01
1969,8,167.2,31,31,True,wet,1969-08-01
1969,9,331.8,30,30,True,wet,1969-09-01
1969,10,157.8,31,31,True,dry,1969-10-01
1969,11,44.6,30,30,True,dry,1969-11-01
1969,12,116.6,31,31,True,dry,1969-12-01
1970,1,69.39999999999999,31,31,True,dry,1970-01-01
1970,2,78.39999999999999,28,28,True,dry,1970-02-01
1970,3,142.0,31,31,True,dry,1970-03-01
1970,4,27.7,30,30,True,dry,1970-04-01
1970,5,112.5,31,31,True,dry,1970-05-01
1970,6,125.7,30,30,True,wet,1970-06-01
1970,7,229.7,31,31,True,wet,1970-07-01
1970,8,98.9,31,31,True,wet,1970-08-01
1970,9,75.7,30,30,True,wet,1970-09-01
1970,10,52.599999999999994,31,31,True,dry,1970-10-01
1970,11,20.799999999999997,30,30,True,dry,1970-11-01
1970,12,30.7,31,31,True,dry,1970-12-01
1971,1,10.1,31,31,True,dry,1971-01-01
1971,2,104.19999999999999,28,28,True,dry,1971-02-01
1971,3,82.60000000000001,31,31,True,dry,1971-03-01
1971,4,20.8,30,30,True,dry,1971-04-01
1971,5,85.7,31,31,True,dry,1971-05-01
1971,6,79.1,30,30,True,wet,1971-06-01
1971,7,101.0,31,31,True,wet,1971-07-01
1971,8,169.4,31,31,True,wet,1971-08-01
1971,9,81.4,30,30,True,wet,1971-09-01
1971,10,204.3,31,31,True,dry,1971-10-01
1971,11,28.7,30,30,True,dry,1971-11-01
1971,12,34.9,31,31,True,dry,1971-12-01
1972,1,22.3,31,31,True,dry,1972-01-01
1972,2,99.2,29,29,True,dry,1972-02-01
1972,3,31.1,31,31,True,dry,1972-03-01
1972,4,42.1,30,30,True,dry,1972-04-01
1972,5,67.1,31,31,True,dry,1972-05-01
1972,7,129.20000000000002,31,31,True,wet,1972-07-01
1972,8,218.29999999999998,31,31,True,wet,1972-08-01
1972,9,24.4,30,30,True,wet,1972-09-01
1972,10,54.2,31,31,True,dry,1972-10-01
1972,11,99.2,30,30,True,dry,1972-11-01
1973,1,124.1,31,31,True,dry,1973-01-01
1973,2,60.4,28,28,True,dry,1973-02-01
1973,3,61.400000000000006,31,31,True,dry,1973-03-01
1973,4,55.6,30,30,True,dry,1973-04-01
1973,5,111.6,31,31,True,dry,1973-05-01
1973,6,163.1,30,30,True,wet,1973-06-01
1973,7,208.3,31,31,True,wet,1973-07-01
1973,8,203.1,31,31,True,wet,1973-08-01
1973,9,295.9,30,30,True,wet,1973-09-01
1973,10,25.0,31,31,True,dry,1973-10-01
1973,11,17.8,30,30,True,dry,1973-11-01
1973,12,48.199999999999996,31,31,True,dry,1973-12-01
1974,1,8.1,31,31,True,dry,1974-01-01
1974,2,31.3,28,28,True,dry,1974-02-01
1974,3,53.3,31,31,True,dry,1974-03-01
1974,4,17.0,30,30,True,dry,1974-04-01
1974,5,63.0,31,31,True,dry,1974-05-01
1974,6,303.2,30,30,True,wet,1974-06-01
1974,7,168.3,31,31,True,wet,1974-07-01
1974,8,103.5,31,31,True,wet,1974-08-01
1974,9,107.2,30,30,True,wet,1974-09-01
1974,10,9.7,31,31,True,dry,1974-10-01
1974,11,27.000000000000004,30,30,True,dry,1974-11-01
1974,12,41.3,31,31,True,dry,1974-12-01
1975,1,19.299999999999997,31,31,True,dry,1975-01-01
1975,2,37.6,28,28,True,dry,1975-02-01
1975,3,22.5,31,31,True,dry,1975-03-01
1975,4,83.4,30,30,True,dry,1975-04-01
1975,5,192.29999999999998,31,31,True,dry,1975-05-01
1975,6,199.7,30,30,True,wet,1975-06-01
1975,7,172.5,31,31,True,wet,1975-07-01
1975,8,134.2,31,31,True,wet,1975-08-01
1975,9,233.2,30,30,True,wet,1975-09-01
1975,10,149.1,31,31,True,dry,1975-10-01
1975,11,18.4,30,30,True,dry,1975-11-01
1975,12,10.8,31,31,True,dry,1975-12-01
1976,1,5.1,31,31,True,dry,1976-01-01
1976,2,10.1,29,29,True,dry,1976-02-01
1976,3,57.5,31,31,True,dry,1976-03-01
1976,4,36.4,30,30,True,dry,1976-04-01
1976,5,195.8,31,31,True,dry,1976-05-01
1976,6,149.6,30,30,True,wet,1976-06-01
1976,7,103.9,31,31,True,wet,1976-07-01
1976,8,172.7,31,31,True,wet,1976-08-01
1976,9,114.8,30,30,True,wet,1976-09-01
1976,10,23.9,31,31,True,dry,1976-10-01
1976,11,44.900000000000006,30,30,True,dry,1976-11-01
1976,12,103.6,31,31,True,dry,1976-12-01
1977,1,41.800000000000004,31,31,True,dry,1977-01-01
1977,2,51.1,28,28,True,dry,1977-02-01
1977,3,52.4,31,31,True,dry,1977-03-01
1977,4,5.8,30,30,True,dry,1977-04-01
1977,5,54.599999999999994,31,31,True,dry,1977-05-01
1977,6,77.10000000000001,30,30,True,wet,1977-06-01
1977,7,144.8,31,31,True,wet,1977-07-01
1977,8,322.5,31,31,True,wet,1977-08-01
1977,9,190.0,30,30,True,wet,1977-09-01
1977,10,49.8,31,31,True,dry,1977-10-01
1977,11,111.3,30,30,True,dry,1977-11-01
1977,12,127.89999999999999,31,31,True,dry,1977-12-01
1978,1,76.8,31,31,True,dry,1978-01-01
1978,2,85.4,28,28,True,dry,1978-02-01
1978,3,42.900000000000006,31,31,True,dry,1978-03-01
1978,4,6.3999999999999995,30,30,True,dry,1978-04-01
1978,5,66.89999999999999,31,31,True,dry,1978-05-01
1978,6,229.10000000000002,30,30,True,wet,1978-06-01
1978,7,259.0,31,31,True,wet,1978-07-01
1978,8,172.1,31,31,True,wet,1978-08-01
1978,9,30.5,30,30,True,wet,1978-09-01
1978,10,48.4,31,31,True,dry,1978-10-01
1978,11,6.6,30,30,True,dry,1978-11-01
1978,12,81.2,31,31,True,dry,1978-12-01
1979,1,163.10000000000002,31,31,True,dry,1979-01-01
1979,2,40.0,28,28,True,dry,1979-02-01
1979,3,63.1,31,31,True,dry,1979-03-01
1979,4,48.8,30,30,True,dry,1979-04-01
1979,5,277.1,31,31,True,dry,1979-05-01
1979,6,72.4,30,30,True,wet,1979-06-01
1979,7,83.6,31,31,True,wet,1979-07-01
1979,8,185.9,31,31,True,wet,1979-08-01
1979,9,318.0,30,30,True,wet,1979-09-01
1979,10,3.0,31,31,True,dry,1979-10-01
1979,11,43.4,30,30,True,dry,1979-11-01
1979,12,36.8,31,31,True,dry,1979-12-01
1980,1,56.400000000000006,31,31,True,dry,1980-01-01
1980,2,63.8,29,29,True,dry,1980-02-01
1980,3,59.3,31,31,True,dry,1980-03-01
1980,4,87.2,30,30,True,dry,1980-04-01
1980,5,148.7,31,31,True,dry,1980-05-01
1980,6,37.5,30,30,True,wet,1980-06-01
1980,7,98.1,31,31,True,wet,1980-07-01
1980,8,76.0,31,31,True,wet,1980-08-01
1980,9,33.6,30,30,True,wet,1980-09-01
1980,10,14.7,31,31,True,dry,1980-10-01
1980,11,100.2,30,30,True,dry,1980-11-01
1980,12,11.5,31,31,True,dry,1980-12-01
1981,1,5.5,31,31,True,dry,1981-01-01
1981,2,129.1,28,28,True,dry,1981-02-01
1981,3,40.4,31,31,True,dry,1981-03-01
1981,4,2.8,30,30,True,dry,1981-04-01
1981,5,84.9,31,31,True,dry,1981-05-01
1981,6,110.1,26,30,True,wet,1981-06-01
1981,7,74.0,31,31,True,wet,1981-07-01
1981,8,221.39999999999998,31,31,True,wet,1981-08-01
1981,9,156.3,30,30,True,wet,1981-09-01
1981,10,113.6,31,31,True,dry,1981-10-01
1981,11,44.0,30,30,True,dry,1981-11-01
1981,12,77.9,31,31,True,dry,1981-12-01
1982,1,44.6,31,31,True,dry,1982-01-01
1982,2,38.9,28,28,True,dry,1982-02-01
1982,3,147.7,31,31,True,dry,1982-03-01
1982,4,83.4,30,30,True,dry,1982-04-01
1982,5,102.5,31,31,True,dry,1982-05-01
1982,6,66.1,30,30,True,wet,1982-06-01
1982,7,237.2,31,31,True,wet,1982-07-01
1982,8,109.4,30,31,True,wet,1982-08-01
1982,9,210.5,30,30,True,wet,1982-09-01
1982,10,61.3,31,31,True,dry,1982-10-01
1982,11,17.9,30,30,True,dry,1982-11-01
1982,12,26.3,31,31,True,dry,1982-12-01
1983,1,48.8,31,31,True,dry,1983-01-01
1983,2,244.8,28,28,True,dry,1983-02-01
1983,3,155.2,31,31,True,dry,1983-03-01
1983,4,62.4,30,30,True,dry,1983-04-01
1983,5,49.400000000000006,31,31,True,dry,1983-05-01
1983,6,172.4,27,30,True,wet,1983-06-01
1983,7,218.0,30,31,True,wet,1983-07-01
1983,8,135.2,31,31,True,wet,1983-08-01
1983,9,139.1,30,30,True,wet,1983-09-01
1983,10,224.70000000000002,31,31,True,dry,1983-10-01
1983,11,36.7,30,30,True,dry,1983-11-01
1983,12,118.1,31,31,True,dry,1983-12-01
1984,1,55.99999999999999,31,31,True,dry,1984-01-01
1984,2,82.1,28,29,True,dry,1984-02-01
1984,3,43.2,31,31,True,dry,1984-03-01
1984,4,29.2,30,30,True,dry,1984-04-01
1984,5,111.2,28,31,True,dry,1984-05-01
1984,6,69.4,28,30,True,wet,1984-06-01
1984,7,267.7,31,31,True,wet,1984-07-01
1984,8,227.7,31,31,True,wet,1984-08-01
1984,9,78.6,29,30,True,wet,1984-09-01
1984,10,28.2,31,31,True,dry,1984-10-01
1984,11,53.9,30,30,True,dry,1984-11-01
1984,12,3.8,31,31,True,dry,1984-12-01
1985,1,29.6,31,31,True,dry,1985-01-01
1985,2,24.4,28,28,True,dry,1985-02-01
1985,3,105.30000000000001,31,31,True,dry,1985-03-01
1985,4,18.7,30,30,True,dry,1985-04-01
1985,5,109.8,31,31,True,dry,1985-05-01
1985,6,160.6,30,30,True,wet,1985-06-01
1985,7,179.3,31,31,True,wet,1985-07-01
1985,8,169.8,31,31,True,wet,1985-08-01
1985,9,92.3,28,30,True,wet,1985-09-01
1985,10,73.2,31,31,True,dry,1985-10-01
1985,11,22.0,30,30,True,dry,1985-11-01
1985,12,66.7,31,31,True,dry,1985-12-01
1986,1,112.9,31,31,True,dry,1986-01-01
1986,2,49.300000000000004,28,28,True,dry,1986-02-01
1986,3,78.5,31,31,True,dry,1986-03-01
1986,4,11.5,30,30,True,dry,1986-04-01
1986,5,14.2,31,31,True,dry,1986-05-01
1986,6,152.5,30,30,True,wet,1986-06-01
1986,7,117.7,31,31,True,wet,1986-07-01
1986,8,212.5,31,31,True,wet,1986-08-01
1986,9,80.0,30,30,True,wet,1986-09-01
1986,10,101.4,31,31,True,dry,1986-10-01
1986,11,21.5,30,30,True,dry,1986-11-01
1987,1,74.2,31,31,True,dry,1987-01-01
1987,2,48.4,28,28,True,dry,1987-02-01
1987,3,307.5,31,31,True,dry,1987-03-01
1987,4,13.5,30,30,True,dry,1987-04-01
1987,5,67.5,31,31,True,dry,1987-05-01
1987,6,124.0,30,30,True,wet,1987-06-01
1987,7,152.0,31,31,True,wet,1987-07-01
1987,8,101.9,31,31,True,wet,1987-08-01
1987,9,153.9,30,30,True,wet,1987-09-01
1987,10,103.9,31,31,True,dry,1987-10-01
1987,11,260.59999999999997,30,30,True,dry,1987-11-01
1987,12,11.2,31,31,True,dry,1987-12-01
1988,1,75.0,31,31,True,dry,1988-01-01
1988,2,50.7,29,29,True,dry,1988-02-01
1988,3,90.5,29,31,True,dry,1988-03-01
1988,4,9.7,28,30,True,dry,1988-04-01
1988,5,82.1,31,31,True,dry,1988-05-01
1988,7,399.59999999999997,31,31,True,wet,1988-07-01
1988,8,267.9,31,31,True,wet,1988-08-01
1988,9,121.8,30,30,True,wet,1988-09-01
1988,10,22.7,31,31,True,dry,1988-10-01
1988,11,210.5,30,30,True,dry,1988-11-01
1988,12,27.0,31,31,True,dry,1988-12-01
1989,1,78.7,31,31,True,dry,1989-01-01
1989,2,1.8,28,28,True,dry,1989-02-01
1989,3,60.8,31,31,True,dry,1989-03-01
1989,4,46.8,30,30,True,dry,1989-04-01
1989,5,73.4,31,31,True,dry,1989-05-01
1989,6,159.9,30,30,True,wet,1989-06-01
1989,8,213.2,31,31,True,wet,1989-08-01
1989,9,183.5,30,30,True,wet,1989-09-01
1989,10,65.3,31,31,True,dry,1989-10-01
1989,11,43.0,30,30,True,dry,1989-11-01
1989,12,176.9,31,31,True,dry,1989-12-01
1990,1,37.8,31,31,True,dry,1990-01-01
1990,2,138.4,28,28,True,dry,1990-02-01
1990,3,48.5,31,31,True,dry,1990-03-01
1990,4,46.0,30,30,True,dry,1990-04-01
1990,5,23.1,29,31,True,dry,1990-05-01
1990,6,134.5,30,30,True,wet,1990-06-01
1990,8,194.4,31,31,True,wet,1990-08-01
1990,9,163.7,30,30,True,wet,1990-09-01
1990,10,114.3,31,31,True,dry,1990-10-01
1990,11,18.9,30,30,True,dry,1990-11-01
1990,12,20.6,31,31,True,dry,1990-12-01
1991,1,47.6,31,31,True,dry,1991-01-01
1991,2,10.4,28,28,True,dry,1991-02-01
1991,3,155.5,31,31,True,dry,1991-03-01
1991,4,129.4,30,30,True,dry,1991-04-01
1991,5,218.0,31,31,True,dry,1991-05-01
1991,6,144.5,30,30,True,wet,1991-06-01
1991,7,257.3,31,31,True,wet,1991-07-01
1991,8,155.4,31,31,True,wet,1991-08-01
1991,9,124.1,30,30,True,wet,1991-09-01
1991,10,69.1,31,31,True,dry,1991-10-01
1991,11,6.3999999999999995,30,30,True,dry,1991-11-01
1991,12,9.5,31,31,True,dry,1991-12-01
1992,1,34.7,31,31,True,dry,1992-01-01
1992,2,73.1,29,29,True,dry,1992-02-01
1992,3,51.1,31,31,True,dry,1992-03-01
1992,4,143.5,30,30,True,dry,1992-04-01
1992,5,83.8,31,31,True,dry,1992-05-01
1992,6,201.2,30,30,True,wet,1992-06-01
1992,7,69.9,31,31,True,wet,1992-07-01
1992,8,272.5,31,31,True,wet,1992-08-01
1992,9,251.7,30,30,True,wet,1992-09-01
1992,10,97.8,31,31,True,dry,1992-10-01
1992,11,81.30000000000001,30,30,True,dry,1992-11-01
1992,12,13.5,31,31,True,dry,1992-12-01
1993,1,92.2,31,31,True,dry,1993-01-01
1993,2,46.0,28,28,True,dry,1993-02-01
1993,3,162.9,31,31,True,dry,1993-03-01
1993,4,78.3,30,30,True,dry,1993-04-01
1993,5,34.6,31,31,True,dry,1993-05-01
1993,6,143.7,30,30,True,wet,1993-06-01
1993,7,69.7,31,31,True,wet,1993-07-01
1993,8,31.0,31,31,True,wet,1993-08-01
1993,9,125.5,30,30,True,wet,1993-09-01
1993,10,147.2,31,31,True,dry,1993-10-01
1993,11,6.8,30,30,True,dry,1993-11-01
1993,12,24.0,31,31,True,dry,1993-12-01
1994,1,112.3,31,31,True,dry,1994-01-01
1994,2,96.2,28,28,True,dry,1994-02-01
1994,3,34.1,31,31,True,dry,1994-03-01
1994,4,151.7,30,30,True,dry,1994-04-01
1994,5,128.3,31,31,True,dry,1994-05-01
1994,6,291.8,30,30,True,wet,1994-06-01
1994,7,174.0,31,31,True,wet,1994-07-01
1994,8,222.79999999999998,31,31,True,wet,1994-08-01
1994,9,286.90000000000003,30,30,True,wet,1994-09-01
1994,10,93.6,31,31,True,dry,1994-10-01
1994,11,184.2,30,30,True,dry,1994-11-01
1994,12,79.4,31,31,True,dry,1994-12-01
1995,1,45.099999999999994,31,31,True,dry,1995-01-01
1995,2,44.6,28,28,True,dry,1995-02-01
1995,3,37.1,31,31,True,dry,1995-03-01
1995,5,25.2,31,31,True,dry,1995-05-01
1995,6,165.7,30,30,True,wet,1995-06-01
1995,7,245.6,31,31,True,wet,1995-07-01
1995,8,251.9,31,31,True,wet,1995-08-01
1995,9,202.0,30,30,True,wet,1995-09-01
1995,10,125.39999999999999,31,31,True,dry,1995-10-01
1995,11,24.3,30,30,True,dry,1995-11-01
1995,12,19.0,31,31,True,dry,1995-12-01
1996,1,177.1,31,31,True,dry,1996-01-01
1996,2,75.5,29,29,True,dry,1996-02-01
1996,3,250.3,31,31,True,dry,1996-03-01
1996,4,46.4,30,30,True,dry,1996-04-01
1996,5,73.9,31,31,True,dry,1996-05-01
1996,6,233.6,30,30,True,wet,1996-06-01
1996,7,70.5,31,31,True,wet,1996-07-01
1996,8,187.3,31,31,True,wet,1996-08-01
1996,9,154.8,30,30,True,wet,1996-09-01
1996,10,63.0,31,31,True,dry,1996-10-01
1996,11,15.799999999999999,30,30,True,dry,1996-11-01
1996,12,69.9,31,31,True,dry,1996-12-01
1997,1,61.5,31,31,True,dry,1997-01-01
1997,2,67.30000000000001,28,28,True,dry,1997-02-01
1997,3,45.0,31,31,True,dry,1997-03-01
1997,4,112.1,30,30,True,dry,1997-04-01
1997,5,52.1,31,31,True,dry,1997-05-01
1997,6,145.3,30,30,True,wet,1997-06-01
1997,7,249.29999999999998,31,31,True,wet,1997-07-01
1997,8,273.3,31,31,True,wet,1997-08-01
1997,9,65.6,30,30,True,wet,1997-09-01
1997,10,136.9,31,31,True,dry,1997-10-01
1997,11,151.4,30,30,True,dry,1997-11-01
1997,12,254.10000000000002,31,31,True,dry,1997-12-01
1998,1,48.6,31,31,True,dry,1998-01-01
1998,2,199.2,28,28,True,dry,1998-02-01
1998,3,155.7,31,31,True,dry,1998-03-01
1998,4,27.700000000000003,30,30,True,dry,1998-04-01
1998,5,33.1,31,31,True,dry,1998-05-01
1998,6,55.400000000000006,30,30,True,wet,1998-06-01
1998,7,152.3,31,31,True,wet,1998-07-01
1998,8,129.1,31,31,True,wet,1998-08-01
1998,9,195.5,30,30,True,wet,1998-09-01
1998,10,20.1,31,31,True,dry,1998-10-01
1998,11,60.699999999999996,30,30,True,dry,1998-11-01
1998,12,22.099999999999998,31,31,True,dry,1998-12-01
1999,1,69.1,31,31,True,dry,1999-01-01
1999,2,50.8,28,28,True,dry,1999-02-01
1999,4,59.50000000000001,30,30,True,dry,1999-04-01
1999,5,212.7,31,31,True,dry,1999-05-01
1999,6,210.7,29,30,True,wet,1999-06-01
1999,7,56.3,31,31,True,wet,1999-07-01
1999,8,280.7,31,31,True,wet,1999-08-01
1999,9,140.1,30,30,True,wet,1999-09-01
1999,10,141.70000000000002,31,31,True,dry,1999-10-01
1999,11,62.5,30,30,True,dry,1999-11-01
1999,12,21.6,31,31,True,dry,1999-12-01
2000,1,45.6,31,31,True,dry,2000-01-01
2000,2,22.9,29,29,True,dry,2000-02-01
2000,3,13.5,31,31,True,dry,2000-03-01
2000,4,28.3,30,30,True,dry,2000-04-01
2000,5,53.3,31,31,True,dry,2000-05-01
2000,6,177.79999999999998,30,30,True,wet,2000-06-01
2000,7,234.79999999999998,31,31,True,wet,2000-07-01
2000,8,167.9,31,31,True,wet,2000-08-01
2000,9,150.3,30,30,True,wet,2000-09-01
2000,10,30.6,31,31,True,dry,2000-10-01
2000,11,22.400000000000002,30,30,True,dry,2000-11-01
2000,12,22.400000000000002,30,31,True,dry,2000-12-01
2001,1,8.9,31,31,True,dry,2001-01-01
2001,2,1.7000000000000002,27,28,True,dry,2001-02-01
2001,3,96.7,30,31,True,dry,2001-03-01
2001,4,37.3,30,30,True,dry,2001-04-01
2001,5,75.6,31,31,True,dry,2001-05-01
2001,6,103.2,30,30,True,wet,2001-06-01
2001,7,133.4,30,31,True,wet,2001-07-01
2001,8,231.3,31,31,True,wet,2001-08-01
2001,9,363.4,30,30,True,wet,2001-09-01
2001,10,36.4,31,31,True,dry,2001-10-01
2001,11,17.3,30,30,True,dry,2001-11-01
2001,12,12.8,29,31,True,dry,2001-12-01
2002,1,28.9,31,31,True,dry,2002-01-01
2002,2,99.69999999999999,28,28,True,dry,2002-02-01
2002,3,40.7,31,31,True,dry,2002-03-01
2002,4,19.099999999999998,30,30,True,dry,2002-04-01
2002,5,137.5,30,31,True,dry,2002-05-01
2002,6,465.6,30,30,True,wet,2002-06-01
2002,7,237.4,31,31,True,wet,2002-07-01
2002,8,254.4,31,31,True,wet,2002-08-01
2002,9,171.0,30,30,True,wet,2002-09-01
2002,10,21.4,31,31,True,dry,2002-10-01
2002,11,66.0,30,30,True,dry,2002-11-01
2002,12,234.0,31,31,True,dry,2002-12-01
2003,1,110.0,31,31,True,dry,2003-01-01
2003,2,38.8,28,28,True,dry,2003-02-01
2003,3,167.29999999999998,31,31,True,dry,2003-03-01
2003,4,46.3,30,30,True,dry,2003-04-01
2003,5,119.60000000000001,31,31,True,dry,2003-05-01
2003,6,225.29999999999998,28,30,True,wet,2003-06-01
2003,7,216.5,31,31,True,wet,2003-07-01
2003,8,328.9,30,31,True,wet,2003-08-01
2003,9,67.8,30,30,True,wet,2003-09-01
2003,10,17.0,31,31,True,dry,2003-10-01
2003,11,45.2,30,30,True,dry,2003-11-01
2003,12,36.7,31,31,True,dry,2003-12-01
2004,1,61.0,31,31,True,dry,2004-01-01
2004,2,103.7,29,29,True,dry,2004-02-01
2004,3,24.7,31,31,True,dry,2004-03-01
2004,4,57.6,30,30,True,dry,2004-04-01
2004,5,84.8,31,31,True,dry,2004-05-01
2004,6,278.0,30,30,True,wet,2004-06-01
2004,7,154.3,31,31,True,wet,2004-07-01
2004,8,275.8,27,31,True,wet,2004-08-01
2004,9,241.70000000000002,28,30,True,wet,2004-09-01
2004,10,19.4,31,31,True,dry,2004-10-01
2004,11,13.899999999999999,30,30,True,dry,2004-11-01
2004,12,41.99999999999999,31,31,True,dry,2004-12-01
2005,1,83.7,31,31,True,dry,2005-01-01
2005,2,52.1,28,28,True,dry,2005-02-01
2005,3,126.6,31,31,True,dry,2005-03-01
2005,4,66.8,30,30,True,dry,2005-04-01
2005,5,25.9,30,31,True,dry,2005-05-01
2005,6,486.9,30,30,True,wet,2005-06-01
2005,7,184.29999999999998,31,31,True,wet,2005-07-01
2005,8,208.4,31,31,True,wet,2005-08-01
2005,9,170.4,29,30,True,wet,2005-09-01
2005,10,269.5,31,31,True,dry,2005-10-01
2005,11,25.4,30,30,True,dry,2005-11-01
2005,12,59.0,31,31,True,dry,2005-12-01
2006,1,11.0,31,31,True,dry,2006-01-01
2006,2,56.199999999999996,28,28,True,dry,2006-02-01
2006,3,0.8,31,31,True,dry,2006-03-01
2006,4,12.200000000000001,30,30,True,dry,2006-04-01
2006,5,34.5,31,31,True,dry,2006-05-01
2006,6,189.0,30,30,True,wet,2006-06-01
2006,7,159.10000000000002,30,31,True,wet,2006-07-01
2006,8,197.3,31,31,True,wet,2006-08-01
2006,9,38.8,30,30,True,wet,2006-09-01
2006,10,15.5,31,31,True,dry,2006-10-01
2006,11,50.8,30,30,True,dry,2006-11-01
2006,12,130.5,31,31,True,dry,2006-12-01
2007,1,36.800000000000004,31,31,True,dry,2007-01-01
2007,2,25.7,27,28,True,dry,2007-02-01
2007,3,16.0,31,31,True,dry,2007-03-01
2007,4,37.1,30,30,True,dry,2007-04-01
2007,5,27.9,31,31,True,dry,2007-05-01
2007,6,292.2,30,30,True,wet,2007-06-01
2007,7,233.6,31,31,True,wet,2007-07-01
2007,8,67.9,29,31,True,wet,2007-08-01
2007,9,107.6,30,30,True,wet,2007-09-01
2007,10,129.8,29,31,True,dry,2007-10-01
2007,11,19.8,30,30,True,dry,2007-11-01
2007,12,2.0,29,31,True,dry,2007-12-01
2008,1,48.1,31,31,True,dry,2008-01-01
2008,2,85.1,29,29,True,dry,2008-02-01
2008,3,15.0,23,31,True,dry,2008-03-01
2008,4,0.0,24,30,True,dry,2008-04-01
2008,5,0.0,31,31,True,dry,2008-05-01
2008,7,147.5,24,31,True,wet,2008-07-01
2008,8,255.4,22,31,True,wet,2008-08-01
2008,9,47.4,24,30,True,wet,2008-09-01
2008,10,80.6,26,31,True,dry,2008-10-01
2008,11,52.3,30,30,True,dry,2008-11-01
2008,12,22.400000000000002,29,31,True,dry,2008-12-01
2009,1,62.3,31,31,True,dry,2009-01-01
2009,2,11.0,25,28,True,dry,2009-02-01
2009,3,12.899999999999999,31,31,True,dry,2009-03-01
2009,4,16.799999999999997,30,30,True,dry,2009-04-01
2009,5,433.8,31,31,True,dry,2009-05-01
2009,6,139.2,27,30,True,wet,2009-06-01
2009,8,96.8,31,31,True,wet,2009-08-01
2009,9,305.0,28,30,True,wet,2009-09-01
2009,10,16.1,30,31,True,dry,2009-10-01
2009,11,15.0,30,30,True,dry,2009-11-01
2009,12,99.5,31,31,True,dry,2009-12-01
2010,1,98.8,26,31,True,dry,2010-01-01
2010,2,99.6,26,28,True,dry,2010-02-01
2010,3,82.80000000000001,25,31,True,dry,2010-03-01
2010,4,124.7,30,30,True,dry,2010-04-01
2010,5,114.69999999999999,29,31,True,dry,2010-05-01
2010,6,46.7,15,30,False,wet,2010-06-01
2010,7,80.7,25,31,True,wet,2010-07-01
2010,8,115.2,29,31,True,wet,2010-08-01
2010,9,85.1,30,30,True,wet,2010-09-01
2010,10,0.0,31,31,True,dry,2010-10-01
2010,11,14.200000000000001,25,30,True,dry,2010-11-01
2010,12,3.7,28,31,True,dry,2010-12-01
2011,1,134.6,31,31,True,dry,2011-01-01
2011,2,12.399999999999999,26,28,True,dry,2011-02-01
2011,3,129.1,31,31,True,dry,2011-03-01
2011,4,66.5,29,30,True,dry,2011-04-01
2011,5,30.799999999999997,31,31,True,dry,2011-05-01
2011,6,122.1,25,30,True,wet,2011-06-01
2011,7,136.0,30,31,True,wet,2011-07-01
2011,8,183.4,28,31,True,wet,2011-08-01
2011,9,204.6,30,30,True,wet,2011-09-01
2011,10,224.79999999999998,31,31,True,dry,2011-10-01
2011,11,28.8,30,30,True,dry,2011-11-01
2011,12,38.9,30,31,True,dry,2011-12-01
2012,1,7.1,30,31,True,dry,2012-01-01
2012,2,30.6,25,29,True,dry,2012-02-01
2012,3,25.7,28,31,True,dry,2012-03-01
2012,4,38.9,30,30,True,dry,2012-04-01
2012,5,138.1,30,31,True,dry,2012-05-01
2012,6,289.5,29,30,True,wet,2012-06-01
2012,7,73.9,31,31,True,wet,2012-07-01
2012,8,310.1,31,31,True,wet,2012-08-01
2012,9,124.1,27,30,True,wet,2012-09-01
2012,10,89.1,31,31,True,dry,2012-10-01
2012,11,3.0,29,30,True,dry,2012-11-01
2012,12,26.2,29,31,True,dry,2012-12-01
2013,1,7.300000000000001,31,31,True,dry,2013-01-01
2013,2,19.9,28,28,True,dry,2013-02-01
2013,3,33.8,31,31,True,dry,2013-03-01
2013,4,79.1,30,30,True,dry,2013-04-01
2013,5,234.3,31,31,True,dry,2013-05-01
2013,6,270.4,30,30,True,wet,2013-06-01
2013,7,274.8,31,31,True,wet,2013-07-01
2013,8,172.5,31,31,True,wet,2013-08-01
2013,9,153.5,30,30,True,wet,2013-09-01
2013,10,10.200000000000001,31,31,True,dry,2013-10-01
2013,11,73.7,30,30,True,dry,2013-11-01
2013,12,15.4,31,31,True,dry,2013-12-01
2014,1,62.3,31,31,True,dry,2014-01-01
2014,2,65.8,28,28,True,dry,2014-02-01
2014,3,144.2,31,31,True,dry,2014-03-01
2014,4,94.0,30,30,True,dry,2014-04-01
2014,5,133.8,30,31,True,dry,2014-05-01
2014,6,206.1,30,30,True,wet,2014-06-01
2014,7,183.8,31,31,True,wet,2014-07-01
2014,8,176.70000000000002,28,31,True,wet,2014-08-01
2014,9,321.7,29,30,True,wet,2014-09-01
2014,10,25.0,31,31,True,dry,2014-10-01
2014,11,99.3,28,30,True,dry,2014-11-01
2014,12,25.7,31,31,True,dry,2014-12-01
2015,1,66.2,30,31,True,dry,2015-01-01
2015,2,108.19999999999999,25,28,True,dry,2015-02-01
2015,3,69.2,31,31,True,dry,2015-03-01
2015,4,232.1,29,30,True,dry,2015-04-01
2015,5,15.1,31,31,True,dry,2015-05-01
2015,6,248.89999999999998,24,30,True,wet,2015-06-01
2015,7,240.4,30,31,True,wet,2015-07-01
2015,8,218.5,27,31,True,wet,2015-08-01
2015,9,123.5,30,30,True,wet,2015-09-01
2015,10,35.7,26,31,True,dry,2015-10-01
2015,11,80.3,30,30,True,dry,2015-11-01
2015,12,12.1,29,31,True,dry,2015-12-01
2016,1,165.6,31,31,True,dry,2016-01-01
2016,2,48.3,26,29,True,dry,2016-02-01
2016,3,104.2,31,31,True,dry,2016-03-01
2016,4,29.1,28,30,True,dry,2016-04-01
2016,5,200.29999999999998,29,31,True,dry,2016-05-01
2016,6,210.8,30,30,True,wet,2016-06-01
2016,7,115.39999999999999,30,31,True,wet,2016-07-01
2016,8,136.29999999999998,30,31,True,wet,2016-08-01
2016,9,188.2,30,30,True,wet,2016-09-01
2016,10,77.7,26,31,True,dry,2016-10-01
2016,11,12.0,29,30,True,dry,2016-11-01
2016,12,9.3,29,31,True,dry,2016-12-01
2017,1,53.8,28,31,True,dry,2017-01-01
2017,2,81.1,24,28,True,dry,2017-02-01
2017,3,3.8,28,31,True,dry,2017-03-01
2017,4,0.5,25,30,True,dry,2017-04-01
2017,5,55.0,29,31,True,dry,2017-05-01
2017,6,452.9,30,30,True,wet,2017-06-01
2017,7,186.6,31,31,True,wet,2017-07-01
2017,8,185.0,28,31,True,wet,2017-08-01
2017,9,324.90000000000003,28,30,True,wet,2017-09-01
2017,10,113.4,30,31,True,dry,2017-10-01
2017,11,11.5,30,30,True,dry,2017-11-01
2017,12,11.0,27,31,True,dry,2017-12-01
2018,1,70.10000000000001,28,31,True,dry,2018-01-01
2018,2,1.3,28,28,True,dry,2018-02-01
2018,3,9.1,31,31,True,dry,2018-03-01
2018,4,62.8,29,30,True,dry,2018-04-01
2018,5,385.7,31,31,True,dry,2018-05-01
2018,6,372.4,30,30,True,wet,2018-06-01
2018,7,427.0,30,31,True,wet,2018-07-01
2018,8,138.7,26,31,True,wet,2018-08-01
2018,9,107.1,20,30,True,wet,2018-09-01
2018,10,56.8,30,31,True,dry,2018-10-01
2018,11,55.8,30,30,True,dry,2018-11-01
2018,12,101.6,28,31,True,dry,2018-12-01
2019,1,91.5,29,31,True,dry,2019-01-01
2019,2,69.80000000000001,28,28,True,dry,2019-02-01
2019,3,17.5,31,31,True,dry,2019-03-01
2019,4,1.3,15,30,False,dry,2019-04-01
2019,5,74.8,31,31,True,dry,2019-05-01
2019,6,138.1,30,30,True,wet,2019-06-01
2019,7,213.1,30,31,True,wet,2019-07-01
2019,8,280.6,28,31,True,wet,2019-08-01
2019,9,78.7,28,30,True,wet,2019-09-01
2019,10,142.2,31,31,True,dry,2019-10-01
2019,11,35.8,30,30,True,dry,2019-11-01
2019,12,119.3,31,31,True,dry,2019-12-01
2020,1,14.0,31,31,True,dry,2020-01-01
2020,2,41.8,28,29,True,dry,2020-02-01
2020,3,0.0,27,31,True,dry,2020-03-01
2020,4,64.8,30,30,True,dry,2020-04-01
2020,5,34.1,30,31,True,dry,2020-05-01
2020,6,210.5,30,30,True,wet,2020-06-01
2020,7,242.5,30,31,True,wet,2020-07-01
2020,8,177.0,31,31,True,wet,2020-08-01
2020,9,166.7,29,30,True,wet,2020-09-01
2020,10,36.0,31,31,True,dry,2020-10-01
2020,11,95.3,27,30,True,dry,2020-11-01
2020,12,45.5,29,31,True,dry,2020-12-01
2021,1,50.8,31,31,True,dry,2021-01-01
2021,2,89.10000000000001,28,28,True,dry,2021-02-01
2021,3,0.0,31,31,True,dry,2021-03-01
2021,4,129.5,27,30,True,dry,2021-04-01
2021,5,0.0,20,31,True,dry,2021-05-01
2021,6,210.9,26,30,True,wet,2021-06-01
2021,7,131.0,17,31,False,wet,2021-07-01
2021,8,92.3,22,31,True,wet,2021-08-01
2021,9,105.39999999999999,21,30,True,wet,2021-09-01
2021,10,72.1,30,31,True,dry,2021-10-01
2021,11,21.799999999999997,21,30,True,dry,2021-11-01
2021,12,40.4,30,31,True,dry,2021-12-01
2022,1,30.4,30,31,True,dry,2022-01-01
2022,2,10.2,28,28,True,dry,2022-02-01
2022,3,141.0,30,31,True,dry,2022-03-01
2022,4,133.9,30,30,True,dry,2022-04-01
2022,5,117.3,27,31,True,dry,2022-05-01
2022,6,115.2,30,30,True,wet,2022-06-01
2022,7,127.6,31,31,True,wet,2022-07-01
2022,8,250.29999999999998,31,31,True,wet,2022-08-01
2022,9,529.6999999999999,30,30,True,wet,2022-09-01
2022,10,25.400000000000002,31,31,True,dry,2022-10-01
2022,11,128.29999999999998,30,30,True,dry,2022-11-01
2022,12,40.6,30,31,True,dry,2022-12-01
2023,1,13.0,30,31,True,dry,2023-01-01
2023,2,18.7,28,28,True,dry,2023-02-01
2023,3,33.8,31,31,True,dry,2023-03-01
2023,4,111.1,29,30,True,dry,2023-04-01
2023,5,116.3,25,31,True,dry,2023-05-01
2023,6,141.5,28,30,True,wet,2023-06-01
2023,7,127.5,30,31,True,wet,2023-07-01
2023,8,127.1,29,31,True,wet,2023-08-01
2023,9,181.7,27,30,True,wet,2023-09-01
2023,10,41.3,31,31,True,dry,2023-10-01
2023,11,119.5,28,30,True,dry,2023-11-01
2023,12,71.1,31,31,True,dry,2023-12-01
2024,1,58.099999999999994,31,31,True,dry,2024-01-01
2024,2,58.9,29,29,True,dry,2024-02-01
2024,3,25.2,30,31,True,dry,2024-03-01
2024,4,39.400000000000006,30,30,True,dry,2024-04-01
2024,5,44.0,31,31,True,dry,2024-05-01
2024,6,166.3,30,30,True,wet,2024-06-01
2024,7,204.9,30,31,True,wet,2024-07-01
2024,8,112.4,29,31,True,wet,2024-08-01
2024,9,170.3,30,30,True,wet,2024-09-01
2024,10,56.3,29,31,True,dry,2024-10-01
2024,11,27.7,30,30,True,dry,2024-11-01
2024,12,18.1,31,31,True,dry,2024-12-01
2025,1,78.9,31,31,True,dry,2025-01-01
2025,2,39.4,28,28,True,dry,2025-02-01
2025,3,36.8,31,31,True,dry,2025-03-01
2025,4,5.8,29,30,True,dry,2025-04-01
2025,5,264.7,31,31,True,dry,2025-05-01
2025,6,180.7,30,30,True,wet,2025-06-01
2025,7,168.6,30,31,True,wet,2025-07-01
2025,8,224.2,30,31,True,wet,2025-08-01
2025,9,90.2,29,30,True,wet,2025-09-01
2025,10,141.6,31,31,True,dry,2025-10-01
2025,11,1.3,29,30,True,dry,2025-11-01
2025,12,64.8,31,31,True,dry,2025-12-01
2026,1,22.1,30,31,True,dry,2026-01-01
2026,2,44.8,28,28,True,dry,2026-02-01
2026,3,94.3,31,31,True,dry,2026-03-01
2026,4,80.8,30,30,True,dry,2026-04-01
2026,5,116.6,29,31,True,dry,2026-05-01
2026,6,57.9,20,30,True,wet,2026-06-01
