agency_cd,site_no,datetime,23202_00060_00003,23202_00060_00003_cd,23203_00065_00003,23203_00065_00003_cd
5s,15s,20d,14n,10s,14n,10s
USGS,02263800,2021-07-25,88.5,A,5.15,A
USGS,02263800,2021-07-26,87.1,A,5.14,A
USGS,02263800,2021-07-27,88.9,A,5.15,A
USGS,02263800,2021-07-28,124,A,5.41,A
USGS,02263800,2021-07-29,153,A,5.62,A
USGS,02263800,2021-07-30,152,A,5.61,A
USGS,02263800,2021-07-31,155,A,5.63,A
USGS,02263800,2021-08-01,153,A,5.62,A
USGS,02263800,2021-08-02,153,A,5.62,A
USGS,02263800,2021-08-03,166,A,5.70,A
USGS,02263800,2021-08-04,177,A,5.76,A
USGS,02263800,2021-08-05,177,A,5.76,A
USGS,02263800,2021-08-06,165,A,5.69,A
USGS,02263800,2021-08-07,170,A,5.72,A
USGS,02263800,2021-08-08,156,A,5.63,A
USGS,02263800,2021-08-09,183,A,5.80,A
USGS,02263800,2021-08-10,179,A,5.77,A
USGS,02263800,2021-08-11,167,A,5.70,A
USGS,02263800,2021-08-12,161,A,5.66,A
USGS,02263800,2021-08-13,155,A,5.63,A
USGS,02263800,2021-08-14,156,A,5.63,A
USGS,02263800,2021-08-15,156,A,5.63,A
USGS,02263800,2021-08-16,150,A,5.60,A
USGS,02263800,2021-08-17,145,A,5.56,A
USGS,02263800,2021-08-18,136,A,5.50,A
USGS,02263800,2021-08-19,124,A,5.42,A
USGS,02263800,2021-08-20,112,A,5.33,A
USGS,02263800,2021-08-21,99.2,A,5.23,A
USGS,02263800,2021-08-22,86.6,A,5.13,A
USGS,02263800,2021-08-23,87.1,A,5.13,A
USGS,02263800,2021-08-24,102,A,5.26,A
USGS,02263800,2021-08-25,120,A,5.39,A
USGS,02263800,2021-08-26,134,A,5.49,A
USGS,02263800,2021-08-27,141,A,5.53,A
USGS,02263800,2021-08-28,152,A,5.61,A
USGS,02263800,2021-08-29,160,A,5.65,A
USGS,02263800,2021-08-30,152,A,5.61,A
USGS,02263800,2021-08-31,141,A,5.54,A
USGS,02263800,2021-09-01,127,A,5.44,A
USGS,02263800,2021-09-02,111,A,5.33,A
USGS,02263800,2021-09-03,100,A,5.24,A
USGS,02263800,2021-09-04,99.2,A,5.23,A
USGS,02263800,2021-09-05,104,A,5.27,A
USGS,02263800,2021-09-06,115,A,5.35,A
USGS,02263800,2021-09-07,127,A,5.44,A
USGS,02263800,2021-09-08,130,A,5.46,A
USGS,02263800,2021-09-09,129,A,5.46,A
USGS,02263800,2021-09-10,139,A,5.52,A
USGS,02263800,2021-09-11,167,A,5.69,A
USGS,02263800,2021-09-12,200,A,5.89,A
USGS,02263800,2021-09-13,209,A,5.94,A
USGS,02263800,2021-09-14,207,A,5.92,A
USGS,02263800,2021-09-15,204,A,5.91,A
USGS,02263800,2021-09-16,195,A,5.86,A
USGS,02263800,2021-09-17,178,A,5.77,A
USGS,02263800,2021-09-18,166,A,5.70,A
USGS,02263800,2021-09-19,161,A,5.66,A
USGS,02263800,2021-09-20,195,A,5.86,A
USGS,02263800,2021-09-21,258,A,6.20,A
USGS,02263800,2021-09-22,327,A,6.55,A
USGS,02263800,2021-09-23,351,A,6.65,A
USGS,02263800,2021-09-24,332,A,6.57,A
USGS,02263800,2021-09-25,294,A,6.40,A
USGS,02263800,2021-09-26,256,A,6.21,A
USGS,02263800,2021-09-27,222,A,6.03,A
USGS,02263800,2021-09-28,190,A,5.87,A
USGS,02263800,2021-09-29,161,A,5.70,A
USGS,02263800,2021-09-30,139,A,5.57,A
USGS,02263800,2021-10-01,117,A,5.42,A
USGS,02263800,2021-10-02,96.1,A,5.27,A
USGS,02263800,2021-10-03,79.7,A,5.14,A
USGS,02263800,2021-10-04,68.8,A,5.04,A
USGS,02263800,2021-10-05,60.0,A,4.96,A
USGS,02263800,2021-10-06,52.9,A,4.89,A
USGS,02263800,2021-10-07,46.3,A,4.82,A
USGS,02263800,2021-10-08,43.6,A,4.79,A
USGS,02263800,2021-10-09,45.2,A,4.82,A
USGS,02263800,2021-10-10,40.3,A,4.76,A
USGS,02263800,2021-10-11,37.2,A,4.73,A
USGS,02263800,2021-10-12,37.1,A,4.73,A
USGS,02263800,2021-10-13,35.6,A,4.72,A
USGS,02263800,2021-10-14,34.2,A,4.70,A
USGS,02263800,2021-10-15,33.7,A,4.69,A
USGS,02263800,2021-10-16,34.7,A,4.70,A
USGS,02263800,2021-10-17,37.4,A,4.74,A
USGS,02263800,2021-10-18,31.7,A,4.66,A
USGS,02263800,2021-10-19,27.3,A,4.59,A
USGS,02263800,2021-10-20,23.5,A,4.53,A
USGS,02263800,2021-10-21,20.2,A,4.46,A
USGS,02263800,2021-10-22,17.8,A,4.41,A
USGS,02263800,2021-10-23,15.5,A,4.37,A
USGS,02263800,2021-10-24,19.4,A,4.43,A
USGS,02263800,2021-10-25,43.6,A,4.82,A
USGS,02263800,2021-10-26,54.6,A,4.95,A
USGS,02263800,2021-10-27,62.5,A,5.04,A
USGS,02263800,2021-10-28,81.2,A,5.21,A
USGS,02263800,2021-10-29,102,A,5.39,A
USGS,02263800,2021-10-30,111,A,5.46,A
USGS,02263800,2021-10-31,122,A,5.54,A
USGS,02263800,2021-11-01,127,A,5.57,A
USGS,02263800,2021-11-02,120,A,5.52,A
USGS,02263800,2021-11-03,105,A,5.40,A
USGS,02263800,2021-11-04,87.8,A,5.26,A
USGS,02263800,2021-11-05,113,A,5.44,A
USGS,02263800,2021-11-06,228,A,6.16,A
USGS,02263800,2021-11-07,286,A,6.44,A
USGS,02263800,2021-11-08,355,A,6.74,A
USGS,02263800,2021-11-09,383,A,6.85,A
USGS,02263800,2021-11-10,346,A,6.70,A
USGS,02263800,2021-11-11,308,A,6.54,A
USGS,02263800,2021-11-12,277,A,6.40,A
USGS,02263800,2021-11-13,223,A,6.13,A
USGS,02263800,2021-11-14,188,A,5.94,A
USGS,02263800,2021-11-15,160,A,5.78,A
USGS,02263800,2021-11-16,140,A,5.65,A
USGS,02263800,2021-11-17,124,A,5.54,A
USGS,02263800,2021-11-18,111,A,5.44,A
USGS,02263800,2021-11-19,99.6,A,5.36,A
USGS,02263800,2021-11-20,97.6,A,5.34,A
USGS,02263800,2021-11-21,96.0,A,5.33,A
USGS,02263800,2021-11-22,99.2,A,5.35,A
USGS,02263800,2021-11-23,102,A,5.38,A
USGS,02263800,2021-11-24,99.1,A,5.35,A
USGS,02263800,2021-11-25,96.2,A,5.33,A
USGS,02263800,2021-11-26,89.9,A,5.28,A
USGS,02263800,2021-11-27,81.6,A,5.20,A
USGS,02263800,2021-11-28,72.8,A,5.12,A
USGS,02263800,2021-11-29,66.2,A,5.06,A
USGS,02263800,2021-11-30,60.5,A,5.00,A
USGS,02263800,2021-12-01,57.2,A,4.96,A
USGS,02263800,2021-12-02,54.6,A,4.93,A
USGS,02263800,2021-12-03,51.2,A,4.90,A
USGS,02263800,2021-12-04,47.9,A,4.86,A
USGS,02263800,2021-12-05,44.9,A,4.82,A
USGS,02263800,2021-12-06,42.7,A,4.79,A
USGS,02263800,2021-12-07,40.8,A,4.77,A
USGS,02263800,2021-12-08,39.1,A,4.75,A
USGS,02263800,2021-12-09,38.5,A,4.74,A
USGS,02263800,2021-12-10,37.9,A,4.73,A
USGS,02263800,2021-12-11,37.3,A,4.72,A
USGS,02263800,2021-12-12,37.8,A,4.73,A
USGS,02263800,2021-12-13,37.7,A,4.73,A
USGS,02263800,2021-12-14,37.7,A,4.73,A
USGS,02263800,2021-12-15,37.5,A,4.72,A
USGS,02263800,2021-12-16,38.5,A,4.74,A
USGS,02263800,2021-12-17,38.4,A,4.74,A
USGS,02263800,2021-12-18,38.1,A,4.73,A
USGS,02263800,2021-12-19,37.8,A,4.73,A
USGS,02263800,2021-12-20,37.6,A,4.72,A
USGS,02263800,2021-12-21,66.2,A,5.04,A
USGS,02263800,2021-12-22,102,A,5.37,A
USGS,02263800,2021-12-23,122,A,5.52,A
USGS,02263800,2021-12-24,138,A,5.63,A
USGS,02263800,2021-12-25,140,A,5.65,A
USGS,02263800,2021-12-26,128,A,5.57,A
USGS,02263800,2021-12-27,110,A,5.43,A
USGS,02263800,2021-12-28,91.9,A,5.29,A
USGS,02263800,2021-12-29,79.6,A,5.18,A
USGS,02263800,2021-12-30,70.7,A,5.10,A
USGS,02263800,2021-12-31,64.2,A,5.04,A
USGS,02263800,2022-01-01,58.2,A,4.97,A
USGS,02263800,2022-01-02,52.7,A,4.91,A
USGS,02263800,2022-01-03,49.5,A,4.88,A
USGS,02263800,2022-01-04,44.3,A,4.81,A
USGS,02263800,2022-01-05,41.2,A,4.77,A
USGS,02263800,2022-01-06,39.3,A,4.75,A
USGS,02263800,2022-01-07,37.4,A,4.72,A
USGS,02263800,2022-01-08,35.9,A,4.70,A
USGS,02263800,2022-01-09,34.1,A,4.67,A
USGS,02263800,2022-01-10,32.4,A,4.65,A
USGS,02263800,2022-01-11,30.5,A,4.62,A
USGS,02263800,2022-01-12,29.2,A,4.60,A
USGS,02263800,2022-01-13,27.8,A,4.58,A
USGS,02263800,2022-01-14,25.5,A,4.54,A
USGS,02263800,2022-01-15,23.9,A,4.51,A
USGS,02263800,2022-01-16,29.7,A,4.60,A
USGS,02263800,2022-01-17,40.4,A,4.76,A
USGS,02263800,2022-01-18,48.9,A,4.87,A
USGS,02263800,2022-01-19,49.4,A,4.87,A
USGS,02263800,2022-01-20,47.0,A,4.85,A
USGS,02263800,2022-01-21,43.2,A,4.80,A
USGS,02263800,2022-01-22,39.7,A,4.75,A
USGS,02263800,2022-01-23,37.6,A,4.72,A
USGS,02263800,2022-01-24,36.2,A,4.70,A
USGS,02263800,2022-01-25,34.9,A,4.69,A
USGS,02263800,2022-01-26,37.3,A,4.72,A
USGS,02263800,2022-01-27,40.3,A,4.76,A
USGS,02263800,2022-01-28,42.8,A,4.79,A
USGS,02263800,2022-01-29,41.3,A,4.77,A
USGS,02263800,2022-01-30,37.5,A,4.72,A
USGS,02263800,2022-01-31,34.9,A,4.69,A
USGS,02263800,2022-02-01,32.4,A,4.65,A
USGS,02263800,2022-02-02,29.7,A,4.61,A
USGS,02263800,2022-02-03,28.7,A,4.59,A
USGS,02263800,2022-02-04,27.7,A,4.58,A
USGS,02263800,2022-02-05,26.7,A,4.56,A
USGS,02263800,2022-02-06,25.6,A,4.54,A
USGS,02263800,2022-02-07,25.6,A,4.54,A
USGS,02263800,2022-02-08,26.4,A,4.55,A
USGS,02263800,2022-02-09,32.0,A,4.64,A
USGS,02263800,2022-02-10,38.4,A,4.73,A
USGS,02263800,2022-02-11,41.8,A,4.78,A
USGS,02263800,2022-02-12,40.0,A,4.76,A
USGS,02263800,2022-02-13,39.8,A,4.75,A
USGS,02263800,2022-02-14,38.0,A,4.73,A
USGS,02263800,2022-02-15,35.5,A,4.69,A
USGS,02263800,2022-02-16,31.9,A,4.64,A
USGS,02263800,2022-02-17,29.2,A,4.60,A
USGS,02263800,2022-02-18,26.3,A,4.55,A
USGS,02263800,2022-02-19,24.9,A,4.53,A
USGS,02263800,2022-02-20,24.5,A,4.52,A
USGS,02263800,2022-02-21,22.9,A,4.49,A
USGS,02263800,2022-02-22,21.6,A,4.47,A
USGS,02263800,2022-02-23,19.5,A,4.43,A
USGS,02263800,2022-02-24,18.0,A,4.40,A
USGS,02263800,2022-02-25,17.4,A,4.39,A
USGS,02263800,2022-02-26,16.7,A,4.37,A
USGS,02263800,2022-02-27,15.1,A,4.34,A
USGS,02263800,2022-02-28,18.6,A,4.41,A
USGS,02263800,2022-03-01,23.4,A,4.50,A
USGS,02263800,2022-03-02,21.5,A,4.47,A
USGS,02263800,2022-03-03,19.9,A,4.44,A
USGS,02263800,2022-03-04,18.3,A,4.41,A
USGS,02263800,2022-03-05,16.5,A,4.37,A
USGS,02263800,2022-03-06,15.0,A,4.33,A
USGS,02263800,2022-03-07,12.6,A,4.28,A
USGS,02263800,2022-03-08,32.0,A,4.62,A
USGS,02263800,2022-03-09,87.1,A,5.24,A
USGS,02263800,2022-03-10,136,A,5.62,A
USGS,02263800,2022-03-11,179,A,5.88,A
USGS,02263800,2022-03-12,210,A,6.05,A
USGS,02263800,2022-03-13,219,A,6.10,A
USGS,02263800,2022-03-14,210,A,6.05,A
USGS,02263800,2022-03-15,201,A,6.00,A
USGS,02263800,2022-03-16,287,A,6.43,A
USGS,02263800,2022-03-17,262,A,6.31,A
USGS,02263800,2022-03-18,228,A,6.14,A
USGS,02263800,2022-03-19,202,A,5.99,A
USGS,02263800,2022-03-20,174,A,5.83,A
USGS,02263800,2022-03-21,145,A,5.65,A
USGS,02263800,2022-03-22,118,A,5.46,A
USGS,02263800,2022-03-23,93.4,A,5.27,A
USGS,02263800,2022-03-24,84.9,A,5.20,A
USGS,02263800,2022-03-25,82.8,A,5.17,A
USGS,02263800,2022-03-26,81.3,A,5.16,A
USGS,02263800,2022-03-27,76.9,A,5.12,A
USGS,02263800,2022-03-28,68.9,A,5.04,A
USGS,02263800,2022-03-29,59.4,A,4.94,A
USGS,02263800,2022-03-30,50.6,A,4.84,A
USGS,02263800,2022-03-31,44.2,A,4.76,A
USGS,02263800,2022-04-01,111,A,5.36,A
USGS,02263800,2022-04-02,155,A,5.68,A
USGS,02263800,2022-04-03,251,A,6.23,A
USGS,02263800,2022-04-04,302,A,6.48,A
USGS,02263800,2022-04-05,315,A,6.54,A
USGS,02263800,2022-04-06,297,A,6.45,A
USGS,02263800,2022-04-07,283,A,6.38,A
USGS,02263800,2022-04-08,306,A,6.50,A
USGS,02263800,2022-04-09,270,A,6.31,A
USGS,02263800,2022-04-10,252,A,6.22,A
USGS,02263800,2022-04-11,238,A,6.15,A
USGS,02263800,2022-04-12,212,A,6.00,A
USGS,02263800,2022-04-13,176,A,5.80,A
USGS,02263800,2022-04-14,142,A,5.59,A
USGS,02263800,2022-04-15,120,A,5.44,A
USGS,02263800,2022-04-16,122,A,5.46,A
USGS,02263800,2022-04-17,123,A,5.46,A
USGS,02263800,2022-04-18,128,A,5.50,A
USGS,02263800,2022-04-19,140,A,5.58,A
USGS,02263800,2022-04-20,160,A,5.71,A
USGS,02263800,2022-04-21,183,A,5.84,A
USGS,02263800,2022-04-22,186,A,5.86,A
USGS,02263800,2022-04-23,169,A,5.76,A
USGS,02263800,2022-04-24,146,A,5.62,A
USGS,02263800,2022-04-25,123,A,5.46,A
USGS,02263800,2022-04-26,100,A,5.29,A
USGS,02263800,2022-04-27,80.0,A,5.12,A
USGS,02263800,2022-04-28,67.0,A,4.99,A
USGS,02263800,2022-04-29,57.5,A,4.90,A
USGS,02263800,2022-04-30,51.3,A,4.83,A
USGS,02263800,2022-05-01,46.2,A,4.77,A
USGS,02263800,2022-05-02,39.9,A,4.68,A
USGS,02263800,2022-05-03,34.6,A,4.61,A
USGS,02263800,2022-05-04,34.3,A,4.61,A
USGS,02263800,2022-05-05,30.8,A,4.56,A
USGS,02263800,2022-05-06,25.9,A,4.48,A
USGS,02263800,2022-05-07,21.7,A,4.40,A
USGS,02263800,2022-05-08,18.2,A,4.33,A
USGS,02263800,2022-05-09,15.6,A,4.28,A
USGS,02263800,2022-05-10,13.8,A,4.23,A
USGS,02263800,2022-05-11,12.7,A,4.21,A
USGS,02263800,2022-05-12,10.3,A,4.14,A
USGS,02263800,2022-05-13,9.52,A,4.12,A
USGS,02263800,2022-05-14,9.19,A,4.11,A
USGS,02263800,2022-05-15,10.4,A,4.14,A
USGS,02263800,2022-05-16,20.8,A,4.38,A
USGS,02263800,2022-05-17,28.6,A,4.51,A
USGS,02263800,2022-05-18,42.9,A,4.71,A
USGS,02263800,2022-05-19,45.1,A,4.73,A
USGS,02263800,2022-05-20,44.2,A,4.71,A
USGS,02263800,2022-05-21,58.8,A,4.88,A
USGS,02263800,2022-05-22,82.6,A,5.10,A
USGS,02263800,2022-05-23,101,A,5.25,A
USGS,02263800,2022-05-24,123,A,5.41,A
USGS,02263800,2022-05-25,136,A,5.50,A
USGS,02263800,2022-05-26,134,A,5.48,A
USGS,02263800,2022-05-27,116,A,5.35,A
USGS,02263800,2022-05-28,95.6,A,5.19,A
USGS,02263800,2022-05-29,79.7,A,5.06,A
USGS,02263800,2022-05-30,89.2,A,5.14,A
USGS,02263800,2022-05-31,105,A,5.27,A
USGS,02263800,2022-06-01,99.3,A,5.22,A
USGS,02263800,2022-06-02,84.4,A,5.10,A
USGS,02263800,2022-06-03,69.2,A,4.96,A
USGS,02263800,2022-06-04,60.2,A,4.87,A
USGS,02263800,2022-06-05,58.3,A,4.85,A
USGS,02263800,2022-06-06,61.4,A,4.88,A
USGS,02263800,2022-06-07,57.0,A,4.83,A
USGS,02263800,2022-06-08,49.3,A,4.74,A
USGS,02263800,2022-06-09,42.7,A,4.66,A
USGS,02263800,2022-06-10,41.7,A,4.65,A
USGS,02263800,2022-06-11,46.6,A,4.71,A
USGS,02263800,2022-06-12,56.4,A,4.82,A
USGS,02263800,2022-06-13,57.1,A,4.83,A
USGS,02263800,2022-06-14,52.8,A,4.78,A
USGS,02263800,2022-06-15,45.9,A,4.70,A
USGS,02263800,2022-06-16,40.9,A,4.64,A
USGS,02263800,2022-06-17,35.7,A,4.57,A
USGS,02263800,2022-06-18,29.5,A,4.48,A
USGS,02263800,2022-06-19,25.4,A,4.41,A
USGS,02263800,2022-06-20,30.1,A,4.48,A
USGS,02263800,2022-06-21,27.5,A,4.44,A
USGS,02263800,2022-06-22,22.4,A,4.36,A
USGS,02263800,2022-06-23,17.5,A,4.26,A
USGS,02263800,2022-06-24,15.1,A,4.21,A
USGS,02263800,2022-06-25,22.0,A,4.35,A
USGS,02263800,2022-06-26,41.3,A,4.64,A
USGS,02263800,2022-06-27,55.2,A,4.81,A
USGS,02263800,2022-06-28,67.2,A,4.94,A
USGS,02263800,2022-06-29,72.2,A,4.99,A
USGS,02263800,2022-06-30,67.7,A,4.94,A
USGS,02263800,2022-07-01,60.4,A,4.87,A
USGS,02263800,2022-07-02,53.0,A,4.79,A
USGS,02263800,2022-07-03,57.6,A,4.84,A
USGS,02263800,2022-07-04,76.8,A,5.03,A
USGS,02263800,2022-07-05,91.0,A,5.16,A
USGS,02263800,2022-07-06,106,A,5.28,A
USGS,02263800,2022-07-07,112,A,5.32,A
USGS,02263800,2022-07-08,106,A,5.28,A
USGS,02263800,2022-07-09,94.1,A,5.18,A
USGS,02263800,2022-07-10,90.0,A,5.15,A
USGS,02263800,2022-07-11,105,A:e,,
USGS,02263800,2022-07-12,121,A,5.39,A
USGS,02263800,2022-07-13,130,A,5.45,A
USGS,02263800,2022-07-14,145,A,5.55,A
USGS,02263800,2022-07-15,182,A,5.78,A
USGS,02263800,2022-07-16,194,A,5.85,A
USGS,02263800,2022-07-17,210,A,5.93,A
USGS,02263800,2022-07-18,193,A,5.84,A
USGS,02263800,2022-07-19,178,A,5.76,A
USGS,02263800,2022-07-20,180,A,5.77,A
USGS,02263800,2022-07-21,190,A,5.82,A
USGS,02263800,2022-07-22,220,A,5.98,A
USGS,02263800,2022-07-23,229,A,6.04,A
USGS,02263800,2022-07-24,224,A,6.00,A
USGS,02263800,2022-07-25,202,A,5.89,A
USGS,02263800,2022-07-26,174,A,5.73,A
USGS,02263800,2022-07-27,149,A,5.58,A
USGS,02263800,2022-07-28,128,A,5.44,A
USGS,02263800,2022-07-29,111,A,5.31,A
USGS,02263800,2022-07-30,93.4,A,5.17,A
USGS,02263800,2022-07-31,79.5,A,5.05,A
USGS,02263800,2022-08-01,73.9,A,5.00,A
USGS,02263800,2022-08-02,125,A,5.42,A
USGS,02263800,2022-08-03,124,A,5.41,A
USGS,02263800,2022-08-04,130,A,5.45,A
USGS,02263800,2022-08-05,136,A,5.49,A
USGS,02263800,2022-08-06,135,A,5.49,A
USGS,02263800,2022-08-07,128,A,5.44,A
USGS,02263800,2022-08-08,119,A,5.37,A
USGS,02263800,2022-08-09,118,A,5.37,A
USGS,02263800,2022-08-10,130,A,5.45,A
USGS,02263800,2022-08-11,134,A,5.48,A
USGS,02263800,2022-08-12,137,A,5.50,A
USGS,02263800,2022-08-13,129,A,5.44,A
USGS,02263800,2022-08-14,131,A,5.46,A
USGS,02263800,2022-08-15,138,A,5.51,A
USGS,02263800,2022-08-16,144,A,5.55,A
USGS,02263800,2022-08-17,153,A,5.60,A
USGS,02263800,2022-08-18,158,A,5.64,A
USGS,02263800,2022-08-19,168,A,5.69,A
USGS,02263800,2022-08-20,214,A,5.95,A
USGS,02263800,2022-08-21,200,A,5.88,A
USGS,02263800,2022-08-22,192,A,5.83,A
USGS,02263800,2022-08-23,186,A,5.80,A
USGS,02263800,2022-08-24,176,A,5.74,A
USGS,02263800,2022-08-25,171,A,5.71,A
USGS,02263800,2022-08-26,195,A,5.85,A
USGS,02263800,2022-08-27,234,A,6.06,A
USGS,02263800,2022-08-28,284,A,6.33,A
USGS,02263800,2022-08-29,332,A,6.56,A
USGS,02263800,2022-08-30,374,A,6.75,A
USGS,02263800,2022-08-31,351,A,6.65,A
USGS,02263800,2022-09-01,330,A,6.55,A
USGS,02263800,2022-09-02,298,A,6.40,A
USGS,02263800,2022-09-03,290,A,6.36,A
USGS,02263800,2022-09-04,286,A,6.34,A
USGS,02263800,2022-09-05,271,A,6.26,A
USGS,02263800,2022-09-06,253,A,6.17,A
USGS,02263800,2022-09-07,247,A,6.13,A
USGS,02263800,2022-09-08,223,A,6.00,A
USGS,02263800,2022-09-09,215,A,5.96,A
USGS,02263800,2022-09-10,209,A,5.93,A
USGS,02263800,2022-09-11,205,A,5.91,A
USGS,02263800,2022-09-12,212,A,5.94,A
USGS,02263800,2022-09-13,216,A,5.96,A
USGS,02263800,2022-09-14,228,A,6.03,A
USGS,02263800,2022-09-15,278,A,6.30,A
USGS,02263800,2022-09-16,287,A,6.34,A
USGS,02263800,2022-09-17,276,A,6.29,A
USGS,02263800,2022-09-18,322,A,6.51,A
USGS,02263800,2022-09-19,385,A,6.80,A
USGS,02263800,2022-09-20,415,A,6.92,A
USGS,02263800,2022-09-21,398,A,6.85,A
USGS,02263800,2022-09-22,357,A,6.67,A
USGS,02263800,2022-09-23,312,A,6.47,A
USGS,02263800,2022-09-24,273,A,6.27,A
USGS,02263800,2022-09-25,239,A,6.09,A
USGS,02263800,2022-09-26,214,A,5.95,A
USGS,02263800,2022-09-27,189,A,5.81,A
USGS,02263800,2022-09-28,256,A,6.11,A
USGS,02263800,2022-09-29,2320,A,10.37,A
USGS,02263800,2022-09-30,3500,A,11.43,A
USGS,02263800,2022-10-01,3180,A,11.21,A
USGS,02263800,2022-10-02,2510,A,10.68,A
USGS,02263800,2022-10-03,1910,A,10.12,A
USGS,02263800,2022-10-04,1410,A:e,,
USGS,02263800,2022-10-05,1120,A:e,,
USGS,02263800,2022-10-06,940,A:e,,
USGS,02263800,2022-10-07,802,A,8.32,A
USGS,02263800,2022-10-08,688,A,8.02,A
USGS,02263800,2022-10-09,594,A,7.73,A
USGS,02263800,2022-10-10,518,A,7.48,A
USGS,02263800,2022-10-11,452,A,7.24,A
USGS,02263800,2022-10-12,400,A,7.04,A
USGS,02263800,2022-10-13,355,A,6.85,A
USGS,02263800,2022-10-14,316,A,6.68,A
USGS,02263800,2022-10-15,283,A,6.53,A
USGS,02263800,2022-10-16,255,A,6.39,A
USGS,02263800,2022-10-17,232,A,6.27,A
USGS,02263800,2022-10-18,219,A,6.19,A
USGS,02263800,2022-10-19,198,A,6.07,A
USGS,02263800,2022-10-20,179,A,5.96,A
USGS,02263800,2022-10-21,163,A,5.85,A
USGS,02263800,2022-10-22,149,A,5.76,A
USGS,02263800,2022-10-23,135,A,5.66,A
USGS,02263800,2022-10-24,123,A,5.57,A
USGS,02263800,2022-10-25,109,A,5.47,A
USGS,02263800,2022-10-26,96.1,A,5.37,A
USGS,02263800,2022-10-27,86.6,A,5.29,A
USGS,02263800,2022-10-28,80.0,A,5.23,A
USGS,02263800,2022-10-29,74.8,A,5.18,A
USGS,02263800,2022-10-30,72.9,A,5.16,A
USGS,02263800,2022-10-31,72.7,A,5.16,A
USGS,02263800,2022-11-01,73.4,A,5.17,A
USGS,02263800,2022-11-02,74.1,A,5.17,A
USGS,02263800,2022-11-03,93.1,A,5.34,A
USGS,02263800,2022-11-04,87.6,A,5.30,A
USGS,02263800,2022-11-05,81.8,A,5.25,A
USGS,02263800,2022-11-06,76.8,A,5.20,A
USGS,02263800,2022-11-07,72.1,A,5.16,A
USGS,02263800,2022-11-08,74.9,A,5.18,A
USGS,02263800,2022-11-09,111,A,5.48,A
USGS,02263800,2022-11-10,298,A,6.49,A
USGS,02263800,2022-11-11,465,A,7.16,A
USGS,02263800,2022-11-12,684,A,7.82,A
USGS,02263800,2022-11-13,831,A,8.21,A
USGS,02263800,2022-11-14,786,A,8.10,A
USGS,02263800,2022-11-15,675,A,7.80,A
USGS,02263800,2022-11-16,569,A,7.50,A
USGS,02263800,2022-11-17,471,A,7.18,A
USGS,02263800,2022-11-18,384,A,6.87,A
USGS,02263800,2022-11-19,317,A,6.60,A
USGS,02263800,2022-11-20,266,A,6.38,A
USGS,02263800,2022-11-21,234,A,6.23,A
USGS,02263800,2022-11-22,210,A,6.10,A
USGS,02263800,2022-11-23,195,A,6.02,A
USGS,02263800,2022-11-24,183,A,5.95,A
USGS,02263800,2022-11-25,170,A,5.88,A
USGS,02263800,2022-11-26,157,A,5.80,A
USGS,02263800,2022-11-27,145,A,5.72,A
USGS,02263800,2022-11-28,133,A,5.64,A
USGS,02263800,2022-11-29,121,A,5.56,A
USGS,02263800,2022-11-30,112,A,5.49,A
USGS,02263800,2022-12-01,103,A,5.42,A
USGS,02263800,2022-12-02,94.5,A,5.35,A
USGS,02263800,2022-12-03,88.4,A,5.30,A
USGS,02263800,2022-12-04,83.4,A,5.26,A
USGS,02263800,2022-12-05,79.1,A,5.22,A
USGS,02263800,2022-12-06,75.6,A,5.19,A
USGS,02263800,2022-12-07,73.0,A,5.16,A
USGS,02263800,2022-12-08,71.4,A,5.15,A
USGS,02263800,2022-12-09,70.2,A,5.14,A
USGS,02263800,2022-12-10,68.1,A,5.12,A
USGS,02263800,2022-12-11,65.9,A,5.09,A
USGS,02263800,2022-12-12,63.3,A,5.07,A
USGS,02263800,2022-12-13,60.3,A,5.04,A
USGS,02263800,2022-12-14,58.3,A,5.02,A
USGS,02263800,2022-12-15,65.6,A,5.09,A
USGS,02263800,2022-12-16,80.3,A,5.23,A
USGS,02263800,2022-12-17,81.0,A,5.24,A
USGS,02263800,2022-12-18,87.4,A,5.29,A
USGS,02263800,2022-12-19,91.0,A,5.33,A
USGS,02263800,2022-12-20,90.6,A,5.32,A
USGS,02263800,2022-12-21,93.0,A,5.34,A
USGS,02263800,2022-12-22,92.5,A,5.34,A
USGS,02263800,2022-12-23,92.8,A,5.34,A
USGS,02263800,2022-12-24,91.1,A,5.33,A
USGS,02263800,2022-12-25,87.7,A,5.30,A
USGS,02263800,2022-12-26,81.8,A,5.25,A
USGS,02263800,2022-12-27,75.3,A,5.19,A
USGS,02263800,2022-12-28,68.5,A,5.12,A
USGS,02263800,2022-12-29,63.0,A,5.06,A
USGS,02263800,2022-12-30,58.6,A,5.02,A
USGS,02263800,2022-12-31,56.1,A,4.99,A
USGS,02263800,2023-01-01,53.6,A,4.96,A
USGS,02263800,2023-01-02,51.6,A,4.94,A
USGS,02263800,2023-01-03,50.2,A,4.92,A
USGS,02263800,2023-01-04,49.1,A,4.91,A
USGS,02263800,2023-01-05,49.6,A,4.92,A
USGS,02263800,2023-01-06,49.2,A,4.91,A
USGS,02263800,2023-01-07,45.9,A,4.87,A
USGS,02263800,2023-01-08,43.2,A,4.84,A
USGS,02263800,2023-01-09,40.9,A,4.81,A
USGS,02263800,2023-01-10,38.4,A,4.78,A
USGS,02263800,2023-01-11,35.9,A,4.74,A
USGS,02263800,2023-01-12,33.2,A,4.70,A
USGS,02263800,2023-01-13,41.2,A,4.81,A
USGS,02263800,2023-01-14,52.9,A,4.96,A
USGS,02263800,2023-01-15,58.1,A,5.01,A
USGS,02263800,2023-01-16,58.6,A,5.02,A
USGS,02263800,2023-01-17,56.9,A,5.00,A
USGS,02263800,2023-01-18,54.4,A,4.97,A
USGS,02263800,2023-01-19,51.3,A,4.94,A
USGS,02263800,2023-01-20,48.5,A,4.90,A
USGS,02263800,2023-01-21,45.5,A,4.87,A
USGS,02263800,2023-01-22,42.5,A,4.83,A
USGS,02263800,2023-01-23,40.0,A,4.80,A
USGS,02263800,2023-01-24,37.4,A,4.76,A
USGS,02263800,2023-01-25,37.7,A,4.77,A
USGS,02263800,2023-01-26,44.7,A,4.86,A
USGS,02263800,2023-01-27,45.4,A,4.87,A
USGS,02263800,2023-01-28,46.0,A,4.87,A
USGS,02263800,2023-01-29,45.8,A,4.87,A
USGS,02263800,2023-01-30,45.3,A,4.86,A
USGS,02263800,2023-01-31,44.0,A,4.85,A
USGS,02263800,2023-02-01,43.5,A,4.84,A
USGS,02263800,2023-02-02,42.3,A,4.83,A
USGS,02263800,2023-02-03,41.2,A,4.81,A
USGS,02263800,2023-02-04,45.5,A,4.87,A
USGS,02263800,2023-02-05,49.6,A,4.92,A
USGS,02263800,2023-02-06,50.2,A,4.92,A
USGS,02263800,2023-02-07,48.0,A,4.90,A
USGS,02263800,2023-02-08,44.8,A,4.86,A
USGS,02263800,2023-02-09,42.5,A,4.83,A
USGS,02263800,2023-02-10,50.3,A,4.92,A
USGS,02263800,2023-02-11,58.8,A,5.02,A
USGS,02263800,2023-02-12,68.1,A,5.12,A
USGS,02263800,2023-02-13,70.8,A,5.14,A
USGS,02263800,2023-02-14,68.3,A,5.12,A
USGS,02263800,2023-02-15,62.9,A,5.06,A
USGS,02263800,2023-02-16,56.8,A,5.00,A
USGS,02263800,2023-02-17,51.2,A,4.94,A
USGS,02263800,2023-02-18,45.5,A,4.87,A
USGS,02263800,2023-02-19,41.5,A,4.82,A
USGS,02263800,2023-02-20,38.3,A,4.77,A
USGS,02263800,2023-02-21,36.0,A,4.74,A
USGS,02263800,2023-02-22,34.2,A,4.72,A
USGS,02263800,2023-02-23,32.8,A,4.70,A
USGS,02263800,2023-02-24,31.6,A,4.68,A
USGS,02263800,2023-02-25,30.7,A,4.66,A
USGS,02263800,2023-02-26,29.4,A,4.64,A
USGS,02263800,2023-02-27,28.3,A,4.63,A
USGS,02263800,2023-02-28,27.1,A,4.61,A
USGS,02263800,2023-03-01,26.5,A,4.60,A
USGS,02263800,2023-03-02,25.5,A,4.58,A
USGS,02263800,2023-03-03,24.0,A,4.55,A
USGS,02263800,2023-03-04,22.8,A,4.53,A
USGS,02263800,2023-03-05,23.7,A,4.55,A
USGS,02263800,2023-03-06,36.4,A,4.75,A
USGS,02263800,2023-03-07,43.7,A,4.84,A
USGS,02263800,2023-03-08,47.1,A,4.89,A
USGS,02263800,2023-03-09,46.8,A,4.88,A
USGS,02263800,2023-03-10,43.3,A,4.84,A
USGS,02263800,2023-03-11,38.5,A,4.78,A
USGS,02263800,2023-03-12,33.2,A,4.70,A
USGS,02263800,2023-03-13,30.3,A,4.66,A
USGS,02263800,2023-03-14,29.9,A,4.65,A
USGS,02263800,2023-03-15,28.8,A,4.63,A
USGS,02263800,2023-03-16,27.4,A,4.61,A
USGS,02263800,2023-03-17,25.2,A,4.57,A
USGS,02263800,2023-03-18,22.6,A,4.53,A
USGS,02263800,2023-03-19,19.7,A,4.47,A
USGS,02263800,2023-03-20,17.6,A,4.43,A
USGS,02263800,2023-03-21,15.8,A,4.39,A
USGS,02263800,2023-03-22,14.8,A,4.37,A
USGS,02263800,2023-03-23,14.4,A,4.36,A
USGS,02263800,2023-03-24,14.2,A,4.35,A
USGS,02263800,2023-03-25,13.9,A,4.35,A
USGS,02263800,2023-03-26,13.3,A,4.33,A
USGS,02263800,2023-03-27,12.6,A,4.32,A
USGS,02263800,2023-03-28,11.8,A,4.29,A
USGS,02263800,2023-03-29,10.8,A,4.27,A
USGS,02263800,2023-03-30,9.46,A,4.23,A
USGS,02263800,2023-03-31,8.65,A,4.21,A
USGS,02263800,2023-04-01,8.25,A,4.19,A
USGS,02263800,2023-04-02,7.81,A,4.18,A
USGS,02263800,2023-04-03,7.32,A,4.16,A
USGS,02263800,2023-04-04,7.14,A,4.16,A
USGS,02263800,2023-04-05,6.09,A,4.12,A
USGS,02263800,2023-04-06,6.07,A,4.12,A
USGS,02263800,2023-04-07,5.31,A,4.07,A
USGS,02263800,2023-04-08,5.14,A,4.06,A
USGS,02263800,2023-04-09,4.81,A,4.04,A
USGS,02263800,2023-04-10,6.43,A,4.13,A
USGS,02263800,2023-04-11,8.49,A,4.20,A
USGS,02263800,2023-04-12,9.58,A,4.23,A
USGS,02263800,2023-04-13,10.2,A,4.25,A
USGS,02263800,2023-04-14,9.16,A,4.22,A
USGS,02263800,2023-04-15,10.0,A,4.25,A
USGS,02263800,2023-04-16,12.6,A,4.31,A
USGS,02263800,2023-04-17,25.0,A,4.55,A
USGS,02263800,2023-04-18,31.3,A,4.67,A
USGS,02263800,2023-04-19,31.5,A,4.68,A
USGS,02263800,2023-04-20,27.6,A,4.61,A
USGS,02263800,2023-04-21,23.7,A,4.55,A
USGS,02263800,2023-04-22,20.2,A,4.48,A
USGS,02263800,2023-04-23,15.9,A,4.39,A
USGS,02263800,2023-04-24,13.0,A,4.32,A
USGS,02263800,2023-04-25,12.1,A,4.30,A
USGS,02263800,2023-04-26,16.8,A,4.41,A
USGS,02263800,2023-04-27,18.9,A,4.46,A
USGS,02263800,2023-04-28,20.6,A,4.49,A
USGS,02263800,2023-04-29,25.2,A,4.57,A
USGS,02263800,2023-04-30,31.1,A,4.67,A
USGS,02263800,2023-05-01,29.8,A,4.65,A
USGS,02263800,2023-05-02,26.7,A,4.60,A
USGS,02263800,2023-05-03,22.4,A,4.52,A
USGS,02263800,2023-05-04,17.7,A,4.43,A
USGS,02263800,2023-05-05,13.4,A,4.34,A
USGS,02263800,2023-05-06,10.3,A,4.25,A
USGS,02263800,2023-05-07,7.68,A,4.17,A
USGS,02263800,2023-05-08,5.87,A,4.11,A
USGS,02263800,2023-05-09,4.87,A,4.04,A
USGS,02263800,2023-05-10,4.40,A,4.01,A
USGS,02263800,2023-05-11,4.32,A,4.00,A
USGS,02263800,2023-05-12,4.61,A,4.02,A
USGS,02263800,2023-05-13,4.90,A,4.05,A
USGS,02263800,2023-05-14,4.97,A,4.05,A
USGS,02263800,2023-05-15,4.86,A,4.04,A
USGS,02263800,2023-05-16,4.48,A,4.01,A
USGS,02263800,2023-05-17,4.12,A,3.99,A
USGS,02263800,2023-05-18,3.79,A,3.96,A
USGS,02263800,2023-05-19,8.24,A,4.18,A
USGS,02263800,2023-05-20,9.40,A,4.21,A
USGS,02263800,2023-05-21,10.6,A,4.24,A
USGS,02263800,2023-05-22,29.5,A,4.55,A
USGS,02263800,2023-05-23,83.6,A,5.19,A
USGS,02263800,2023-05-24,106,A,5.40,A
USGS,02263800,2023-05-25,121,A,5.50,A
USGS,02263800,2023-05-26,151,A,5.69,A
USGS,02263800,2023-05-27,163,A,5.76,A
USGS,02263800,2023-05-28,162,A,5.75,A
USGS,02263800,2023-05-29,146,A,5.65,A
USGS,02263800,2023-05-30,121,A,5.48,A
USGS,02263800,2023-05-31,90.2,A,5.24,A
USGS,02263800,2023-06-01,67.8,A,5.03,A
USGS,02263800,2023-06-02,51.9,A,4.86,A
USGS,02263800,2023-06-03,50.5,A,4.84,A
USGS,02263800,2023-06-04,61.0,A,4.96,A
USGS,02263800,2023-06-05,44.4,A,4.77,A
USGS,02263800,2023-06-06,34.2,A,4.64,A
USGS,02263800,2023-06-07,30.2,A,4.58,A
USGS,02263800,2023-06-08,32.2,A,4.61,A
USGS,02263800,2023-06-09,30.8,A,4.59,A
USGS,02263800,2023-06-10,30.5,A,4.58,A
USGS,02263800,2023-06-11,30.1,A,4.58,A
USGS,02263800,2023-06-12,30.3,A,4.58,A
USGS,02263800,2023-06-13,30.4,A,4.58,A
USGS,02263800,2023-06-14,28.2,A,4.54,A
USGS,02263800,2023-06-15,25.9,A,4.51,A
USGS,02263800,2023-06-16,24.7,A,4.49,A
USGS,02263800,2023-06-17,30.7,A,4.58,A
USGS,02263800,2023-06-18,50.4,A,4.85,A
USGS,02263800,2023-06-19,49.9,A,4.84,A
USGS,02263800,2023-06-20,60.1,A,4.95,A
USGS,02263800,2023-06-21,69.4,A,5.05,A
USGS,02263800,2023-06-22,82.5,A,5.17,A
USGS,02263800,2023-06-23,118,A,5.46,A
USGS,02263800,2023-06-24,125,A,5.51,A
USGS,02263800,2023-06-25,137,A,5.59,A
USGS,02263800,2023-06-26,144,A,5.64,A
USGS,02263800,2023-06-27,143,A,5.63,A
USGS,02263800,2023-06-28,140,A,5.61,A
USGS,02263800,2023-06-29,151,A,5.68,A
USGS,02263800,2023-06-30,176,A,5.83,A
USGS,02263800,2023-07-01,187,A,5.89,A
USGS,02263800,2023-07-02,179,A,5.85,A
USGS,02263800,2023-07-03,157,A,5.72,A
USGS,02263800,2023-07-04,133,A,5.56,A
USGS,02263800,2023-07-05,115,A,5.43,A
USGS,02263800,2023-07-06,114,A,5.43,A
USGS,02263800,2023-07-07,128,A,5.53,A
USGS,02263800,2023-07-08,136,A,5.58,A
USGS,02263800,2023-07-09,143,A,5.63,A
USGS,02263800,2023-07-10,138,A,5.60,A
USGS,02263800,2023-07-11,138,A,5.60,A
USGS,02263800,2023-07-12,142,A,5.62,A
USGS,02263800,2023-07-13,154,A,5.70,A
USGS,02263800,2023-07-14,139,A,5.60,A
USGS,02263800,2023-07-15,123,A,5.49,A
USGS,02263800,2023-07-16,123,A,5.49,A
USGS,02263800,2023-07-17,144,A,5.63,A
USGS,02263800,2023-07-18,157,A,5.72,A
USGS,02263800,2023-07-19,169,A,5.79,A
USGS,02263800,2023-07-20,172,A,5.81,A
USGS,02263800,2023-07-21,185,A,5.88,A
USGS,02263800,2023-07-22,167,A,5.78,A
USGS,02263800,2023-07-23,154,A,5.70,A
USGS,02263800,2023-07-24,140,A,5.61,A
USGS,02263800,2023-07-25,122,A,5.49,A
USGS,02263800,2023-07-26,109,A,5.39,A
USGS,02263800,2023-07-27,101,A,5.33,A
USGS,02263800,2023-07-28,98.1,A,5.30,A
USGS,02263800,2023-07-29,98.3,A,5.31,A
USGS,02263800,2023-07-30,99.2,A,5.31,A
USGS,02263800,2023-07-31,158,A,5.68,A
USGS,02263800,2023-08-01,252,A,6.19,A
USGS,02263800,2023-08-02,281,A,6.31,A
USGS,02263800,2023-08-03,274,A,6.27,A
USGS,02263800,2023-08-04,255,A,6.17,A
USGS,02263800,2023-08-05,234,A,6.05,A
USGS,02263800,2023-08-06,222,A,5.98,A
USGS,02263800,2023-08-07,236,A,6.06,A
USGS,02263800,2023-08-08,235,A,6.06,A
USGS,02263800,2023-08-09,220,A,5.98,A
USGS,02263800,2023-08-10,197,A,5.85,A
USGS,02263800,2023-08-11,169,A,5.69,A
USGS,02263800,2023-08-12,143,A,5.53,A
USGS,02263800,2023-08-13,120,A,5.37,A
USGS,02263800,2023-08-14,102,A,5.23,A
USGS,02263800,2023-08-15,91.8,A,5.15,A
USGS,02263800,2023-08-16,87.0,A,5.11,A
USGS,02263800,2023-08-17,91.6,A,5.15,A
USGS,02263800,2023-08-18,108,A,5.28,A
USGS,02263800,2023-08-19,155,A,5.61,A
USGS,02263800,2023-08-20,211,A,5.93,A
USGS,02263800,2023-08-21,249,A,6.14,A
USGS,02263800,2023-08-22,256,A,6.17,A
USGS,02263800,2023-08-23,232,A,6.04,A
USGS,02263800,2023-08-24,196,A,5.85,A
USGS,02263800,2023-08-25,161,A,5.64,A
USGS,02263800,2023-08-26,132,A,5.46,A
USGS,02263800,2023-08-27,107,A,5.28,A
USGS,02263800,2023-08-28,91.7,A,5.15,A
USGS,02263800,2023-08-29,85.4,A,5.10,A
USGS,02263800,2023-08-30,144,A,5.53,A
USGS,02263800,2023-08-31,183,A,5.77,A
USGS,02263800,2023-09-01,218,A,5.97,A
USGS,02263800,2023-09-02,306,A,6.43,A
USGS,02263800,2023-09-03,370,A,6.73,A
USGS,02263800,2023-09-04,388,A,6.80,A
USGS,02263800,2023-09-05,372,A,6.74,A
USGS,02263800,2023-09-06,332,A,6.55,A
USGS,02263800,2023-09-07,284,A,6.32,A
USGS,02263800,2023-09-08,241,A,6.09,A
USGS,02263800,2023-09-09,202,A,5.88,A
USGS,02263800,2023-09-10,176,A,5.73,A
USGS,02263800,2023-09-11,170,A,5.70,A
USGS,02263800,2023-09-12,189,A,5.81,A
USGS,02263800,2023-09-13,215,A,5.95,A
USGS,02263800,2023-09-14,206,A,5.90,A
USGS,02263800,2023-09-15,191,A,5.82,A
USGS,02263800,2023-09-16,175,A,5.73,A
USGS,02263800,2023-09-17,157,A,5.62,A
USGS,02263800,2023-09-18,141,A,5.52,A
USGS,02263800,2023-09-19,125,A,5.41,A
USGS,02263800,2023-09-20,121,A,5.37,A
USGS,02263800,2023-09-21,165,A,5.67,A
USGS,02263800,2023-09-22,173,A,5.71,A
USGS,02263800,2023-09-23,163,A,5.65,A
USGS,02263800,2023-09-24,162,A,5.65,A
USGS,02263800,2023-09-25,162,A,5.65,A
USGS,02263800,2023-09-26,170,A,5.69,A
USGS,02263800,2023-09-27,237,A,6.07,A
USGS,02263800,2023-09-28,252,A,6.15,A
USGS,02263800,2023-09-29,306,A,6.43,A
USGS,02263800,2023-09-30,361,A,6.69,A
USGS,02263800,2023-10-01,380,A,6.77,A
USGS,02263800,2023-10-02,373,A,6.74,A
USGS,02263800,2023-10-03,331,A,6.55,A
USGS,02263800,2023-10-04,304,A,6.42,A
USGS,02263800,2023-10-05,286,A,6.33,A
USGS,02263800,2023-10-06,260,A,6.19,A
USGS,02263800,2023-10-07,232,A,6.04,A
USGS,02263800,2023-10-08,201,A,5.88,A
USGS,02263800,2023-10-09,174,A,5.72,A
USGS,02263800,2023-10-10,153,A,5.59,A
USGS,02263800,2023-10-11,138,A,5.50,A
USGS,02263800,2023-10-12,132,A,5.45,A
USGS,02263800,2023-10-13,128,A,5.43,A
USGS,02263800,2023-10-14,124,A,5.40,A
USGS,02263800,2023-10-15,116,A,5.34,A
USGS,02263800,2023-10-16,107,A,5.28,A
USGS,02263800,2023-10-17,97.2,A,5.20,A
USGS,02263800,2023-10-18,87.1,A,5.11,A
USGS,02263800,2023-10-19,79.4,A,5.04,A
USGS,02263800,2023-10-20,72.8,A,4.98,A
USGS,02263800,2023-10-21,65.5,A,4.91,A
USGS,02263800,2023-10-22,59.5,A,4.85,A
USGS,02263800,2023-10-23,54.9,A,4.80,A
USGS,02263800,2023-10-24,51.3,A,4.76,A
USGS,02263800,2023-10-25,48.2,A,4.72,A
USGS,02263800,2023-10-26,45.8,A,4.69,A
USGS,02263800,2023-10-27,43.3,A,4.66,A
USGS,02263800,2023-10-28,40.9,A,4.63,A
USGS,02263800,2023-10-29,38.6,A,4.60,A
USGS,02263800,2023-10-30,36.4,A,4.57,A
USGS,02263800,2023-10-31,34.3,A,4.54,A
USGS,02263800,2023-11-01,31.7,A,4.50,A
USGS,02263800,2023-11-02,29.3,A,4.46,A
USGS,02263800,2023-11-03,27.5,A,4.43,A
USGS,02263800,2023-11-04,26.2,A,4.41,A
USGS,02263800,2023-11-05,24.7,A,4.39,A
USGS,02263800,2023-11-06,23.6,A,4.37,A
USGS,02263800,2023-11-07,24.2,A,4.38,A
USGS,02263800,2023-11-08,23.6,A,4.37,A
USGS,02263800,2023-11-09,22.2,A,4.34,A
USGS,02263800,2023-11-10,20.9,A,4.32,A
USGS,02263800,2023-11-11,20.8,A,4.31,A
USGS,02263800,2023-11-12,23.7,A,4.37,A
USGS,02263800,2023-11-13,25.1,A,4.39,A
USGS,02263800,2023-11-14,27.9,A,4.44,A
USGS,02263800,2023-11-15,31.1,A,4.49,A
USGS,02263800,2023-11-16,68.9,A,4.89,A
USGS,02263800,2023-11-17,248,A,6.13,A
USGS,02263800,2023-11-18,312,A,6.46,A
USGS,02263800,2023-11-19,398,A,6.84,A
USGS,02263800,2023-11-20,454,A,7.08,A
USGS,02263800,2023-11-21,438,A,7.01,A
USGS,02263800,2023-11-22,379,A,6.76,A
USGS,02263800,2023-11-23,313,A,6.46,A
USGS,02263800,2023-11-24,256,A,6.17,A
USGS,02263800,2023-11-25,212,A,5.93,A
USGS,02263800,2023-11-26,180,A,5.75,A
USGS,02263800,2023-11-27,160,A,5.64,A
USGS,02263800,2023-11-28,140,A,5.51,A
USGS,02263800,2023-11-29,121,A,5.38,A
USGS,02263800,2023-11-30,108,A,5.28,A
USGS,02263800,2023-12-01,99.2,A,5.21,A
USGS,02263800,2023-12-02,92.4,A,5.16,A
USGS,02263800,2023-12-03,86.7,A,5.11,A
USGS,02263800,2023-12-04,81.3,A,5.06,A
USGS,02263800,2023-12-05,76.1,A,5.01,A
USGS,02263800,2023-12-06,70.8,A,4.96,A
USGS,02263800,2023-12-07,67.3,A,4.93,A
USGS,02263800,2023-12-08,65.2,A,4.91,A
USGS,02263800,2023-12-09,61.6,A,4.87,A
USGS,02263800,2023-12-10,60.3,A,4.86,A
USGS,02263800,2023-12-11,70.5,A,4.96,A
USGS,02263800,2023-12-12,73.9,A,4.99,A
USGS,02263800,2023-12-13,75.9,A,5.01,A
USGS,02263800,2023-12-14,76.5,A,5.02,A
USGS,02263800,2023-12-15,75.0,A,5.00,A
USGS,02263800,2023-12-16,88.5,A,5.11,A
USGS,02263800,2023-12-17,239,A,6.08,A
USGS,02263800,2023-12-18,309,A,6.44,A
USGS,02263800,2023-12-19,362,A,6.69,A
USGS,02263800,2023-12-20,404,A,6.87,A
USGS,02263800,2023-12-21,394,A,6.83,A
USGS,02263800,2023-12-22,350,A,6.64,A
USGS,02263800,2023-12-23,298,A,6.40,A
USGS,02263800,2023-12-24,254,A,6.18,A
USGS,02263800,2023-12-25,220,A,6.00,A
USGS,02263800,2023-12-26,188,A,5.82,A
USGS,02263800,2023-12-27,165,A,5.70,A
USGS,02263800,2023-12-28,155,A,5.64,A
USGS,02263800,2023-12-29,151,A,5.61,A
USGS,02263800,2023-12-30,147,A,5.59,A
USGS,02263800,2023-12-31,143,A,5.57,A
USGS,02263800,2024-01-01,140,A,5.56,A
USGS,02263800,2024-01-02,133,A,5.51,A
USGS,02263800,2024-01-03,121,A,5.43,A
USGS,02263800,2024-01-04,111,A,5.36,A
USGS,02263800,2024-01-05,101,A,5.29,A
USGS,02263800,2024-01-06,106,A,5.33,A
USGS,02263800,2024-01-07,124,A,5.47,A
USGS,02263800,2024-01-08,131,A,5.52,A
USGS,02263800,2024-01-09,134,A,5.55,A
USGS,02263800,2024-01-10,150,A,5.65,A
USGS,02263800,2024-01-11,153,A,5.68,A
USGS,02263800,2024-01-12,157,A,5.71,A
USGS,02263800,2024-01-13,160,A,5.73,A
USGS,02263800,2024-01-14,153,A,5.69,A
USGS,02263800,2024-01-15,146,A,5.65,A
USGS,02263800,2024-01-16,138,A,5.60,A
USGS,02263800,2024-01-17,128,A,5.53,A
USGS,02263800,2024-01-18,118,A,5.47,A
USGS,02263800,2024-01-19,116,A,5.46,A
USGS,02263800,2024-01-20,109,A,5.41,A
USGS,02263800,2024-01-21,101,A,5.35,A
USGS,02263800,2024-01-22,95.0,A,5.31,A
USGS,02263800,2024-01-23,90.5,A,5.27,A
USGS,02263800,2024-01-24,84.9,A,5.23,A
USGS,02263800,2024-01-25,78.7,A,5.18,A
USGS,02263800,2024-01-26,73.6,A,5.13,A
USGS,02263800,2024-01-27,68.9,A,5.09,A
USGS,02263800,2024-01-28,65.1,A,5.06,A
USGS,02263800,2024-01-29,59.6,A,5.00,A
USGS,02263800,2024-01-30,54.5,A,4.95,A
USGS,02263800,2024-01-31,50.5,A,4.91,A
USGS,02263800,2024-02-01,46.9,A,4.87,A
USGS,02263800,2024-02-02,43.7,A,4.84,A
USGS,02263800,2024-02-03,40.2,A,4.79,A
USGS,02263800,2024-02-04,37.9,A,4.77,A
USGS,02263800,2024-02-05,36.2,A,4.75,A
USGS,02263800,2024-02-06,34.5,A,4.73,A
USGS,02263800,2024-02-07,32.8,A,4.71,A
USGS,02263800,2024-02-08,31.4,A,4.69,A
USGS,02263800,2024-02-09,30.1,A,4.67,A
USGS,02263800,2024-02-10,28.7,A,4.65,A
USGS,02263800,2024-02-11,28.1,A,4.65,A
USGS,02263800,2024-02-12,27.5,A,4.64,A
USGS,02263800,2024-02-13,26.6,A,4.63,A
USGS,02263800,2024-02-14,24.4,A,4.60,A
USGS,02263800,2024-02-15,22.7,A,4.57,A
USGS,02263800,2024-02-16,21.6,A,4.55,A
USGS,02263800,2024-02-17,22.0,A,4.56,A
USGS,02263800,2024-02-18,52.9,A,4.97,A
USGS,02263800,2024-02-19,103,A,5.46,A
USGS,02263800,2024-02-20,131,A,5.67,A
USGS,02263800,2024-02-21,159,A,5.85,A
USGS,02263800,2024-02-22,175,A,5.95,A
USGS,02263800,2024-02-23,171,A,5.92,A
USGS,02263800,2024-02-24,155,A,5.83,A
USGS,02263800,2024-02-25,135,A,5.69,A
USGS,02263800,2024-02-26,113,A,5.54,A
USGS,02263800,2024-02-27,92.6,A,5.38,A
USGS,02263800,2024-02-28,78.6,A,5.26,A
USGS,02263800,2024-02-29,69.0,A,5.17,A
USGS,02263800,2024-03-01,61.8,A,5.09,A
USGS,02263800,2024-03-02,55.4,A,5.02,A
USGS,02263800,2024-03-03,55.6,A,5.02,A
USGS,02263800,2024-03-04,76.0,A,5.23,A
USGS,02263800,2024-03-05,75.0,A,5.22,A
USGS,02263800,2024-03-06,76.7,A,5.24,A
USGS,02263800,2024-03-07,73.8,A,5.21,A
USGS,02263800,2024-03-08,66.5,A,5.14,A
USGS,02263800,2024-03-09,59.2,A,5.06,A
USGS,02263800,2024-03-10,55.1,A,5.02,A
USGS,02263800,2024-03-11,48.7,A,4.95,A
USGS,02263800,2024-03-12,43.8,A,4.89,A
USGS,02263800,2024-03-13,39.8,A,4.83,A
USGS,02263800,2024-03-14,36.0,A,4.78,A
USGS,02263800,2024-03-15,33.1,A,4.74,A
USGS,02263800,2024-03-16,30.6,A,4.70,A
USGS,02263800,2024-03-17,28.4,A,4.67,A
USGS,02263800,2024-03-18,25.9,A,4.63,A
USGS,02263800,2024-03-19,23.1,A,4.58,A
USGS,02263800,2024-03-20,20.4,A,4.53,A
USGS,02263800,2024-03-21,18.2,A,4.48,A
USGS,02263800,2024-03-22,29.6,A,4.68,A
USGS,02263800,2024-03-23,46.8,A,4.92,A
USGS,02263800,2024-03-24,55.8,A,5.03,A
USGS,02263800,2024-03-25,62.0,A,5.09,A
USGS,02263800,2024-03-26,62.7,A,5.10,A
USGS,02263800,2024-03-27,57.2,A,5.04,A
USGS,02263800,2024-03-28,49.2,A,4.95,A
USGS,02263800,2024-03-29,41.2,A,4.85,A
USGS,02263800,2024-03-30,34.8,A,4.77,A
USGS,02263800,2024-03-31,30.1,A,4.69,A
USGS,02263800,2024-04-01,26.2,A,4.63,A
USGS,02263800,2024-04-02,22.9,A,4.57,A
USGS,02263800,2024-04-03,23.4,A,4.58,A
USGS,02263800,2024-04-04,34.2,A,4.76,A
USGS,02263800,2024-04-05,35.5,A,4.77,A
USGS,02263800,2024-04-06,34.2,A,4.76,A
USGS,02263800,2024-04-07,31.1,A,4.71,A
USGS,02263800,2024-04-08,27.6,A,4.65,A
USGS,02263800,2024-04-09,24.1,A,4.60,A
USGS,02263800,2024-04-10,21.1,A,4.54,A
USGS,02263800,2024-04-11,21.0,A,4.54,A
USGS,02263800,2024-04-12,24.4,A,4.60,A
USGS,02263800,2024-04-13,28.6,A,4.67,A
USGS,02263800,2024-04-14,28.7,A,4.67,A
USGS,02263800,2024-04-15,26.0,A,4.63,A
USGS,02263800,2024-04-16,22.3,A,4.56,A
USGS,02263800,2024-04-17,18.6,A,4.49,A
USGS,02263800,2024-04-18,15.2,A,4.42,A
USGS,02263800,2024-04-19,12.8,A,4.36,A
USGS,02263800,2024-04-20,11.2,A,4.32,A
USGS,02263800,2024-04-21,10.1,A,4.29,A
USGS,02263800,2024-04-22,8.83,A,4.25,A
USGS,02263800,2024-04-23,8.15,A,4.23,A
USGS,02263800,2024-04-24,7.56,A,4.21,A
USGS,02263800,2024-04-25,6.68,A,4.18,A
USGS,02263800,2024-04-26,6.01,A,4.15,A
USGS,02263800,2024-04-27,5.44,A,4.12,A
USGS,02263800,2024-04-28,4.99,A,4.09,A
USGS,02263800,2024-04-29,4.76,A,4.08,A
USGS,02263800,2024-04-30,4.75,A,4.07,A
USGS,02263800,2024-05-01,4.80,A,4.08,A
USGS,02263800,2024-05-02,4.56,A,4.06,A
USGS,02263800,2024-05-03,4.16,A,4.03,A
USGS,02263800,2024-05-04,3.74,A,4.00,A
USGS,02263800,2024-05-05,3.42,A,3.97,A
USGS,02263800,2024-05-06,3.07,A,3.94,A
USGS,02263800,2024-05-07,2.86,A,3.92,A
USGS,02263800,2024-05-08,2.72,A,3.91,A
USGS,02263800,2024-05-09,2.62,A,3.90,A
USGS,02263800,2024-05-10,2.53,A,3.89,A
USGS,02263800,2024-05-11,2.49,A,3.88,A
USGS,02263800,2024-05-12,2.61,A,3.89,A
USGS,02263800,2024-05-13,3.72,A,3.99,A
USGS,02263800,2024-05-14,5.84,A,4.12,A
USGS,02263800,2024-05-15,8.92,A,4.23,A
USGS,02263800,2024-05-16,11.2,A,4.29,A
USGS,02263800,2024-05-17,14.8,A,4.37,A
USGS,02263800,2024-05-18,17.5,A,4.42,A
USGS,02263800,2024-05-19,18.3,A,4.43,A
USGS,02263800,2024-05-20,20.1,A,4.46,A
USGS,02263800,2024-05-21,21.2,A,4.47,A
USGS,02263800,2024-05-22,20.6,A,4.46,A
USGS,02263800,2024-05-23,18.5,A,4.42,A
USGS,02263800,2024-05-24,15.8,A,4.36,A
USGS,02263800,2024-05-25,13.6,A,4.31,A
USGS,02263800,2024-05-26,12.8,A,4.29,A
USGS,02263800,2024-05-27,10.7,A,4.24,A
USGS,02263800,2024-05-28,9.18,A,4.19,A
USGS,02263800,2024-05-29,8.05,A,4.16,A
USGS,02263800,2024-05-30,6.36,A,4.10,A
USGS,02263800,2024-05-31,5.36,A,4.05,A
USGS,02263800,2024-06-01,4.59,A,3.99,A
USGS,02263800,2024-06-02,3.98,A,3.95,A
USGS,02263800,2024-06-03,3.60,A,3.92,A
USGS,02263800,2024-06-04,3.23,A,3.89,A
USGS,02263800,2024-06-05,2.88,A,3.86,A
USGS,02263800,2024-06-06,2.68,A,3.83,A
USGS,02263800,2024-06-07,2.57,A,3.82,A
USGS,02263800,2024-06-08,2.61,A,3.83,A
USGS,02263800,2024-06-09,2.99,A,3.87,A
USGS,02263800,2024-06-10,3.50,A,3.91,A
USGS,02263800,2024-06-11,5.18,A,4.01,A
USGS,02263800,2024-06-12,12.8,A,4.29,A
USGS,02263800,2024-06-13,20.4,A,4.46,A
USGS,02263800,2024-06-14,25.2,A,4.54,A
USGS,02263800,2024-06-15,48.6,A,4.87,A
USGS,02263800,2024-06-16,57.1,A,4.97,A
USGS,02263800,2024-06-17,59.4,A,5.00,A
USGS,02263800,2024-06-18,68.0,A,5.09,A
USGS,02263800,2024-06-19,76.2,A,5.16,A
USGS,02263800,2024-06-20,79.5,A,5.19,A
USGS,02263800,2024-06-21,75.7,A,5.16,A
USGS,02263800,2024-06-22,74.2,A,5.15,A
USGS,02263800,2024-06-23,80.2,A,5.20,A
USGS,02263800,2024-06-24,81.9,A,5.22,A
USGS,02263800,2024-06-25,73.1,A,5.13,A
USGS,02263800,2024-06-26,70.7,A,5.11,A
USGS,02263800,2024-06-27,81.6,A,5.21,A
USGS,02263800,2024-06-28,92.3,A,5.31,A
USGS,02263800,2024-06-29,114,A,5.47,A
USGS,02263800,2024-06-30,174,A,5.87,A
USGS,02263800,2024-07-01,223,A,6.14,A
USGS,02263800,2024-07-02,278,A,6.41,A
USGS,02263800,2024-07-03,258,A,6.32,A
USGS,02263800,2024-07-04,224,A,6.15,A
USGS,02263800,2024-07-05,188,A,5.95,A
USGS,02263800,2024-07-06,165,A,5.82,A
USGS,02263800,2024-07-07,155,A,5.76,A
USGS,02263800,2024-07-08,154,A,5.75,A
USGS,02263800,2024-07-09,197,A,6.00,A
USGS,02263800,2024-07-10,222,A,6.14,A
USGS,02263800,2024-07-11,252,A,6.29,A
USGS,02263800,2024-07-12,276,A,6.40,A
USGS,02263800,2024-07-13,278,A,6.41,A
USGS,02263800,2024-07-14,262,A,6.34,A
USGS,02263800,2024-07-15,220,A,6.13,A
USGS,02263800,2024-07-16,199,A,6.02,A
USGS,02263800,2024-07-17,203,A,6.03,A
USGS,02263800,2024-07-18,216,A,6.10,A
USGS,02263800,2024-07-19,222,A,6.14,A
USGS,02263800,2024-07-20,208,A,6.06,A
USGS,02263800,2024-07-21,183,A,5.92,A
USGS,02263800,2024-07-22,155,A,5.75,A
USGS,02263800,2024-07-23,127,A,5.57,A
USGS,02263800,2024-07-24,103,A,5.39,A
USGS,02263800,2024-07-25,89.5,A,5.28,A
USGS,02263800,2024-07-26,81.8,A,5.21,A
USGS,02263800,2024-07-27,76.8,A,5.17,A
USGS,02263800,2024-07-28,82.6,A,5.22,A
USGS,02263800,2024-07-29,103,A,5.40,A
USGS,02263800,2024-07-30,102,A,5.38,A
USGS,02263800,2024-07-31,107,A,5.42,A
USGS,02263800,2024-08-01,116,A,5.49,A
USGS,02263800,2024-08-02,136,A,5.63,A
USGS,02263800,2024-08-03,151,A,5.73,A
USGS,02263800,2024-08-04,153,A,5.74,A
USGS,02263800,2024-08-05,191,A,5.97,A
USGS,02263800,2024-08-06,251,A,6.28,A
USGS,02263800,2024-08-07,309,A,6.55,A
USGS,02263800,2024-08-08,359,A,6.76,A
USGS,02263800,2024-08-09,382,A,6.85,A
USGS,02263800,2024-08-10,363,A,6.79,A
USGS,02263800,2024-08-11,348,A,6.73,A
USGS,02263800,2024-08-12,345,A,6.73,A
USGS,02263800,2024-08-13,297,A,6.55,A
USGS,02263800,2024-08-14,243,A,6.32,A
USGS,02263800,2024-08-15,200,A,6.12,A
USGS,02263800,2024-08-16,166,A,5.95,A
USGS,02263800,2024-08-17,139,A,5.79,A
USGS,02263800,2024-08-18,116,A,5.65,A
USGS,02263800,2024-08-19,93.3,A,5.49,A
USGS,02263800,2024-08-20,76.3,A,5.36,A
USGS,02263800,2024-08-21,71.0,A,5.32,A
USGS,02263800,2024-08-22,71.0,A,5.32,A
USGS,02263800,2024-08-23,83.8,A,5.44,A
USGS,02263800,2024-08-24,109,A,5.63,A
USGS,02263800,2024-08-25,134,A,5.81,A
USGS,02263800,2024-08-26,184,A,6.10,A
USGS,02263800,2024-08-27,257,A,6.44,A
USGS,02263800,2024-08-28,308,A,6.65,A
USGS,02263800,2024-08-29,323,A,6.70,A
USGS,02263800,2024-08-30,315,A,6.67,A
USGS,02263800,2024-08-31,319,A,6.68,A
USGS,02263800,2024-09-01,311,A,6.65,A
USGS,02263800,2024-09-02,308,A,6.63,A
USGS,02263800,2024-09-03,358,A,6.82,A
USGS,02263800,2024-09-04,458,A,7.16,A
USGS,02263800,2024-09-05,539,A,7.41,A
USGS,02263800,2024-09-06,566,A,7.49,A
USGS,02263800,2024-09-07,591,A,7.56,A
USGS,02263800,2024-09-08,520,A,7.35,A
USGS,02263800,2024-09-09,551,A,7.44,A
USGS,02263800,2024-09-10,616,A,7.64,A
USGS,02263800,2024-09-11,612,A,7.63,A
USGS,02263800,2024-09-12,631,A,7.68,A
USGS,02263800,2024-09-13,606,A,7.61,A
USGS,02263800,2024-09-14,546,A,7.43,A
USGS,02263800,2024-09-15,481,A,7.22,A
USGS,02263800,2024-09-16,417,A,7.01,A
USGS,02263800,2024-09-17,361,A,6.80,A
USGS,02263800,2024-09-18,314,A,6.62,A
USGS,02263800,2024-09-19,274,A,6.45,A
USGS,02263800,2024-09-20,238,A,6.28,A
USGS,02263800,2024-09-21,205,A,6.11,A
USGS,02263800,2024-09-22,175,A,5.95,A
USGS,02263800,2024-09-23,151,A,5.80,A
USGS,02263800,2024-09-24,130,A,5.66,A
USGS,02263800,2024-09-25,112,A,5.54,A
USGS,02263800,2024-09-26,102,A,5.45,A
USGS,02263800,2024-09-27,106,A,5.49,A
USGS,02263800,2024-09-28,105,A,5.48,A
USGS,02263800,2024-09-29,112,A,5.53,A
USGS,02263800,2024-09-30,122,A,5.60,A
USGS,02263800,2024-10-01,130,A,5.66,A
USGS,02263800,2024-10-02,132,A,5.68,A
USGS,02263800,2024-10-03,190,A,6.02,A
USGS,02263800,2024-10-04,205,A,6.11,A
USGS,02263800,2024-10-05,186,A,6.01,A
USGS,02263800,2024-10-06,167,A,5.90,A
USGS,02263800,2024-10-07,174,A,5.94,A
USGS,02263800,2024-10-08,170,A,5.92,A
USGS,02263800,2024-10-09,215,A,6.14,A
USGS,02263800,2024-10-10,742,A,7.97,A
USGS,02263800,2024-10-11,1200,A,9.02,A
USGS,02263800,2024-10-12,1560,A,9.70,A
USGS,02263800,2024-10-13,1450,A,9.51,A
USGS,02263800,2024-10-14,1230,A,9.08,A
USGS,02263800,2024-10-15,1010,A,8.63,A
USGS,02263800,2024-10-16,848,A,8.25,A
USGS,02263800,2024-10-17,721,A,7.93,A
USGS,02263800,2024-10-18,625,A,7.66,A
USGS,02263800,2024-10-19,544,A,7.42,A
USGS,02263800,2024-10-20,476,A,7.21,A
USGS,02263800,2024-10-21,417,A,7.01,A
USGS,02263800,2024-10-22,366,A,6.82,A
USGS,02263800,2024-10-23,324,A,6.66,A
USGS,02263800,2024-10-24,288,A,6.50,A
USGS,02263800,2024-10-25,254,A,6.35,A
USGS,02263800,2024-10-26,225,A,6.21,A
USGS,02263800,2024-10-27,200,A,6.09,A
USGS,02263800,2024-10-28,180,A,5.98,A
USGS,02263800,2024-10-29,163,A,5.88,A
USGS,02263800,2024-10-30,149,A,5.79,A
USGS,02263800,2024-10-31,138,A,5.72,A
USGS,02263800,2024-11-01,127,A,5.64,A
USGS,02263800,2024-11-02,119,A,5.59,A
USGS,02263800,2024-11-03,113,A,5.54,A
USGS,02263800,2024-11-04,107,A,5.50,A
USGS,02263800,2024-11-05,101,A,5.45,A
USGS,02263800,2024-11-06,104,A,5.48,A
USGS,02263800,2024-11-07,103,A,5.47,A
USGS,02263800,2024-11-08,96.6,A,5.42,A
USGS,02263800,2024-11-09,91.6,A,5.38,A
USGS,02263800,2024-11-10,88.0,A,5.35,A
USGS,02263800,2024-11-11,84.6,A,5.32,A
USGS,02263800,2024-11-12,80.4,A,5.28,A
USGS,02263800,2024-11-13,76.9,A,5.25,A
USGS,02263800,2024-11-14,73.6,A,5.22,A
USGS,02263800,2024-11-15,69.8,A,5.19,A
USGS,02263800,2024-11-16,66.0,A,5.15,A
USGS,02263800,2024-11-17,62.6,A,5.12,A
USGS,02263800,2024-11-18,59.0,A,5.08,A
USGS,02263800,2024-11-19,56.0,A,5.05,A
USGS,02263800,2024-11-20,53.9,A,5.02,A
USGS,02263800,2024-11-21,51.1,A,4.99,A
USGS,02263800,2024-11-22,47.6,A,4.95,A
USGS,02263800,2024-11-23,44.6,A,4.92,A
USGS,02263800,2024-11-24,41.4,A,4.88,A
USGS,02263800,2024-11-25,38.2,A,4.83,A
USGS,02263800,2024-11-26,35.9,A,4.80,A
USGS,02263800,2024-11-27,33.8,A,4.77,A
USGS,02263800,2024-11-28,31.9,A,4.75,A
USGS,02263800,2024-11-29,31.6,A,4.74,A
USGS,02263800,2024-11-30,30.8,A,4.73,A
USGS,02263800,2024-12-01,29.2,A,4.71,A
USGS,02263800,2024-12-02,27.9,A,4.69,A
USGS,02263800,2024-12-03,25.8,A,4.65,A
USGS,02263800,2024-12-04,24.3,A,4.63,A
USGS,02263800,2024-12-05,23.9,A,4.62,A
USGS,02263800,2024-12-06,23.8,A,4.62,A
USGS,02263800,2024-12-07,23.5,A,4.62,A
USGS,02263800,2024-12-08,23.1,A,4.61,A
USGS,02263800,2024-12-09,22.3,A,4.60,A
USGS,02263800,2024-12-10,21.3,A,4.58,A
USGS,02263800,2024-12-11,20.9,A,4.57,A
USGS,02263800,2024-12-12,20.2,A,4.56,A
USGS,02263800,2024-12-13,21.7,A,4.59,A
USGS,02263800,2024-12-14,22.9,A,4.61,A
USGS,02263800,2024-12-15,22.3,A,4.60,A
USGS,02263800,2024-12-16,22.3,A,4.60,A
USGS,02263800,2024-12-17,23.6,A,4.63,A
USGS,02263800,2024-12-18,25.9,A,4.67,A
USGS,02263800,2024-12-19,27.6,A,4.70,A
USGS,02263800,2024-12-20,27.2,A,4.69,A
USGS,02263800,2024-12-21,26.0,A,4.67,A
USGS,02263800,2024-12-22,24.7,A,4.65,A
USGS,02263800,2024-12-23,23.7,A,4.63,A
USGS,02263800,2024-12-24,22.9,A,4.61,A
USGS,02263800,2024-12-25,21.9,A,4.60,A
USGS,02263800,2024-12-26,21.2,A,4.58,A
USGS,02263800,2024-12-27,20.9,A,4.58,A
USGS,02263800,2024-12-28,20.3,A,4.57,A
USGS,02263800,2024-12-29,22.0,A,4.60,A
USGS,02263800,2024-12-30,34.1,A,4.79,A
USGS,02263800,2024-12-31,46.4,A,4.96,A
USGS,02263800,2025-01-01,55.8,A,5.07,A
USGS,02263800,2025-01-02,61.8,A,5.13,A
USGS,02263800,2025-01-03,63.2,A,5.15,A
USGS,02263800,2025-01-04,60.3,A,5.12,A
USGS,02263800,2025-01-05,55.5,A,5.06,A
USGS,02263800,2025-01-06,50.3,A,5.01,A
USGS,02263800,2025-01-07,45.2,A,4.94,A
USGS,02263800,2025-01-08,40.0,A,4.88,A
USGS,02263800,2025-01-09,36.2,A,4.82,A
USGS,02263800,2025-01-10,32.8,A,4.78,A
USGS,02263800,2025-01-11,31.5,A,4.76,A
USGS,02263800,2025-01-12,29.0,A,4.72,A
USGS,02263800,2025-01-13,27.2,A,4.69,A
USGS,02263800,2025-01-14,25.9,A,4.67,A
USGS,02263800,2025-01-15,24.2,A,4.64,A
USGS,02263800,2025-01-16,22.9,A,4.61,A
USGS,02263800,2025-01-17,21.8,A,4.59,A
USGS,02263800,2025-01-18,21.1,A,4.58,A
USGS,02263800,2025-01-19,27.6,A,4.69,A
USGS,02263800,2025-01-20,35.5,A,4.80,A
USGS,02263800,2025-01-21,40.7,A,4.86,A
USGS,02263800,2025-01-22,66.8,A,5.14,A
USGS,02263800,2025-01-23,81.6,A,5.27,A
USGS,02263800,2025-01-24,92.3,A,5.35,A
USGS,02263800,2025-01-25,101,A,5.41,A
USGS,02263800,2025-01-26,104,A,5.43,A
USGS,02263800,2025-01-27,99.4,A,5.39,A
USGS,02263800,2025-01-28,90.6,A,5.32,A
USGS,02263800,2025-01-29,81.3,A,5.24,A
USGS,02263800,2025-01-30,72.1,A,5.16,A
USGS,02263800,2025-01-31,63.3,A,5.07,A
USGS,02263800,2025-02-01,57.4,A,5.01,A
USGS,02263800,2025-02-02,53.0,A,4.96,A
USGS,02263800,2025-02-03,49.7,A,4.92,A
USGS,02263800,2025-02-04,46.8,A,4.88,A
USGS,02263800,2025-02-05,44.0,A,4.85,A
USGS,02263800,2025-02-06,41.2,A,4.81,A
USGS,02263800,2025-02-07,38.9,A,4.78,A
USGS,02263800,2025-02-08,36.9,A,4.75,A
USGS,02263800,2025-02-09,34.8,A,4.73,A
USGS,02263800,2025-02-10,32.6,A,4.69,A
USGS,02263800,2025-02-11,31.1,A,4.67,A
USGS,02263800,2025-02-12,29.4,A,4.64,A
USGS,02263800,2025-02-13,27.5,A,4.61,A
USGS,02263800,2025-02-14,25.1,A,4.57,A
USGS,02263800,2025-02-15,23.8,A,4.55,A
USGS,02263800,2025-02-16,23.1,A,4.54,A
USGS,02263800,2025-02-17,21.6,A,4.51,A
USGS,02263800,2025-02-18,20.3,A,4.49,A
USGS,02263800,2025-02-19,19.9,A,4.48,A
USGS,02263800,2025-02-20,20.2,A,4.48,A
USGS,02263800,2025-02-21,20.6,A,4.49,A
USGS,02263800,2025-02-22,21.1,A,4.50,A
USGS,02263800,2025-02-23,19.7,A,4.47,A
USGS,02263800,2025-02-24,23.4,A,4.54,A
USGS,02263800,2025-02-25,40.8,A,4.81,A
USGS,02263800,2025-02-26,51.4,A,4.94,A
USGS,02263800,2025-02-27,60.6,A,5.04,A
USGS,02263800,2025-02-28,67.2,A,5.11,A
USGS,02263800,2025-03-01,67.9,A,5.11,A
USGS,02263800,2025-03-02,63.1,A,5.07,A
USGS,02263800,2025-03-03,55.2,A,4.98,A
USGS,02263800,2025-03-04,47.3,A,4.89,A
USGS,02263800,2025-03-05,41.8,A,4.82,A
USGS,02263800,2025-03-06,37.2,A,4.76,A
USGS,02263800,2025-03-07,33.4,A,4.70,A
USGS,02263800,2025-03-08,30.4,A,4.66,A
USGS,02263800,2025-03-09,26.5,A,4.60,A
USGS,02263800,2025-03-10,25.3,A,4.58,A
USGS,02263800,2025-03-11,23.5,A,4.55,A
USGS,02263800,2025-03-12,23.1,A,4.54,A
USGS,02263800,2025-03-13,22.9,A,4.53,A
USGS,02263800,2025-03-14,21.6,A,4.51,A
USGS,02263800,2025-03-15,19.7,A,4.47,A
USGS,02263800,2025-03-16,18.0,A,4.44,A
USGS,02263800,2025-03-17,16.9,A,4.42,A
USGS,02263800,2025-03-18,14.8,A,4.37,A
USGS,02263800,2025-03-19,13.2,A,4.33,A
USGS,02263800,2025-03-20,11.6,A,4.29,A
USGS,02263800,2025-03-21,9.99,A,4.25,A
USGS,02263800,2025-03-22,8.67,A,4.21,A
USGS,02263800,2025-03-23,7.71,A,4.18,A
USGS,02263800,2025-03-24,7.17,A,4.16,A
USGS,02263800,2025-03-25,6.75,A,4.14,A
USGS,02263800,2025-03-26,6.44,A,4.13,A
USGS,02263800,2025-03-27,6.07,A,4.12,A
USGS,02263800,2025-03-28,5.81,A,4.10,A
USGS,02263800,2025-03-29,5.53,A,4.09,A
USGS,02263800,2025-03-30,8.63,A,4.17,A
USGS,02263800,2025-03-31,21.6,A,4.51,A
USGS,02263800,2025-04-01,34.2,A,4.65,A
USGS,02263800,2025-04-02,133,A,5.64,A
USGS,02263800,2025-04-03,108,A,5.46,A
USGS,02263800,2025-04-04,98.2,A,5.38,A
USGS,02263800,2025-04-05,94.3,A,5.35,A
USGS,02263800,2025-04-06,87.1,A,5.29,A
USGS,02263800,2025-04-07,74.1,A,5.17,A
USGS,02263800,2025-04-08,64.8,A,5.08,A
USGS,02263800,2025-04-09,52.9,A,4.96,A
USGS,02263800,2025-04-10,41.9,A,4.82,A
USGS,02263800,2025-04-11,33.2,A,4.70,A
USGS,02263800,2025-04-12,25.9,A,4.59,A
USGS,02263800,2025-04-13,20.7,A,4.49,A
USGS,02263800,2025-04-14,16.6,A,4.41,A
USGS,02263800,2025-04-15,13.3,A,4.33,A
USGS,02263800,2025-04-16,10.6,A,4.26,A
USGS,02263800,2025-04-17,8.09,A,4.19,A
USGS,02263800,2025-04-18,6.27,A,4.12,A
USGS,02263800,2025-04-19,5.23,A,4.07,A
USGS,02263800,2025-04-20,4.53,A,4.02,A
USGS,02263800,2025-04-21,4.03,A,3.98,A
USGS,02263800,2025-04-22,3.64,A,3.95,A
USGS,02263800,2025-04-23,3.36,A,3.93,A
USGS,02263800,2025-04-24,3.04,A,3.90,A
USGS,02263800,2025-04-25,2.75,A,3.87,A
USGS,02263800,2025-04-26,2.53,A,3.85,A
USGS,02263800,2025-04-27,2.34,A,3.82,A
USGS,02263800,2025-04-28,2.13,A,3.80,A
USGS,02263800,2025-04-29,2.01,A,3.79,A
USGS,02263800,2025-04-30,1.85,A,3.77,A
USGS,02263800,2025-05-01,1.80,A,3.76,A
USGS,02263800,2025-05-02,1.74,A,3.75,A
USGS,02263800,2025-05-03,1.81,A,3.76,A
USGS,02263800,2025-05-04,2.35,A,3.83,A
USGS,02263800,2025-05-05,3.36,A,3.93,A
USGS,02263800,2025-05-06,4.06,A,3.98,A
USGS,02263800,2025-05-07,5.10,A,4.05,A
USGS,02263800,2025-05-08,10.6,A,4.26,A
USGS,02263800,2025-05-09,8.50,A,4.20,A
USGS,02263800,2025-05-10,8.73,A,4.21,A
USGS,02263800,2025-05-11,11.4,A,4.28,A
USGS,02263800,2025-05-12,44.1,A,4.81,A
USGS,02263800,2025-05-13,60.3,A,5.04,A
USGS,02263800,2025-05-14,66.0,A,5.10,A
USGS,02263800,2025-05-15,87.6,A,5.29,A
USGS,02263800,2025-05-16,120,A,5.55,A
USGS,02263800,2025-05-17,130,A,5.62,A
USGS,02263800,2025-05-18,122,A,5.56,A
USGS,02263800,2025-05-19,103,A,5.43,A
USGS,02263800,2025-05-20,82.7,A,5.25,A
USGS,02263800,2025-05-21,63.2,A,5.07,A
USGS,02263800,2025-05-22,47.8,A,4.89,A
USGS,02263800,2025-05-23,36.3,A,4.75,A
USGS,02263800,2025-05-24,28.1,A,4.62,A
USGS,02263800,2025-05-25,30.9,A,4.65,A
USGS,02263800,2025-05-26,64.5,A,5.08,A
USGS,02263800,2025-05-27,85.9,A,5.28,A
USGS,02263800,2025-05-28,177,A,5.91,A
USGS,02263800,2025-05-29,203,A,6.06,A
USGS,02263800,2025-05-30,273,A,6.40,A
USGS,02263800,2025-05-31,448,A,7.10,A
USGS,02263800,2025-06-01,459,A,7.14,A
USGS,02263800,2025-06-02,406,A,6.95,A
USGS,02263800,2025-06-03,365,A,6.80,A
USGS,02263800,2025-06-04,331,A,6.66,A
USGS,02263800,2025-06-05,305,A,6.55,A
USGS,02263800,2025-06-06,262,A,6.36,A
USGS,02263800,2025-06-07,232,A,6.21,A
USGS,02263800,2025-06-08,206,A,6.08,A
USGS,02263800,2025-06-09,177,A,5.92,A
USGS,02263800,2025-06-10,145,A,5.72,A
USGS,02263800,2025-06-11,124,A,5.58,A
USGS,02263800,2025-06-12,108,A,5.46,A
USGS,02263800,2025-06-13,115,A,5.52,A
USGS,02263800,2025-06-14,136,A,5.66,A
USGS,02263800,2025-06-15,149,A,5.75,A
USGS,02263800,2025-06-16,149,A,5.75,A
USGS,02263800,2025-06-17,137,A,5.67,A
USGS,02263800,2025-06-18,121,A,5.56,A
USGS,02263800,2025-06-19,104,A,5.43,A
USGS,02263800,2025-06-20,93.3,A,5.34,A
USGS,02263800,2025-06-21,82.4,A,5.25,A
USGS,02263800,2025-06-22,79.8,A,5.23,A
USGS,02263800,2025-06-23,83.0,A,5.26,A
USGS,02263800,2025-06-24,74.7,A,5.18,A
USGS,02263800,2025-06-25,69.4,A,5.13,A
USGS,02263800,2025-06-26,65.2,A,5.09,A
USGS,02263800,2025-06-27,69.9,A,5.13,A
USGS,02263800,2025-06-28,94.3,A,5.35,A
USGS,02263800,2025-06-29,153,A,5.76,A
USGS,02263800,2025-06-30,275,A,6.42,A
USGS,02263800,2025-07-01,305,A,6.55,A
USGS,02263800,2025-07-02,313,A,6.59,A
USGS,02263800,2025-07-03,336,A,6.68,A
USGS,02263800,2025-07-04,478,A,7.20,A
USGS,02263800,2025-07-05,402,A,6.94,A
USGS,02263800,2025-07-06,438,A,7.07,A
USGS,02263800,2025-07-07,506,A,7.30,A
USGS,02263800,2025-07-08,507,A,7.30,A
USGS,02263800,2025-07-09,449,A,7.11,A
USGS,02263800,2025-07-10,379,A,6.85,A
USGS,02263800,2025-07-11,313,A,6.59,A
USGS,02263800,2025-07-12,259,A,6.35,A
USGS,02263800,2025-07-13,219,A,6.15,A
USGS,02263800,2025-07-14,205,A,6.07,A
USGS,02263800,2025-07-15,240,A,6.25,A
USGS,02263800,2025-07-16,222,A,6.16,A
USGS,02263800,2025-07-17,207,A,6.08,A
USGS,02263800,2025-07-18,203,A,6.06,A
USGS,02263800,2025-07-19,203,A,6.07,A
USGS,02263800,2025-07-20,197,A,6.03,A
USGS,02263800,2025-07-21,181,A,5.94,A
USGS,02263800,2025-07-22,183,A,5.95,A
USGS,02263800,2025-07-23,181,A,5.94,A
USGS,02263800,2025-07-24,185,A,5.96,A
USGS,02263800,2025-07-25,140,A,5.69,A
USGS,02263800,2025-07-26,113,A,5.50,A
USGS,02263800,2025-07-27,94.1,A,5.35,A
USGS,02263800,2025-07-28,82.3,A,5.25,A
USGS,02263800,2025-07-29,73.6,A,5.17,A
USGS,02263800,2025-07-30,66.8,A,5.10,A
USGS,02263800,2025-07-31,63.1,A,5.07,A
USGS,02263800,2025-08-01,66.3,A,5.10,A
USGS,02263800,2025-08-02,80.4,A,5.23,A
USGS,02263800,2025-08-03,78.2,A,5.21,A
USGS,02263800,2025-08-04,73.5,A,5.17,A
USGS,02263800,2025-08-05,78.9,A,5.22,A
USGS,02263800,2025-08-06,65.8,A,5.09,A
USGS,02263800,2025-08-07,62.2,A,5.06,A
USGS,02263800,2025-08-08,66.1,A,5.10,A
USGS,02263800,2025-08-09,131,A,5.62,A
USGS,02263800,2025-08-10,196,A,6.02,A
USGS,02263800,2025-08-11,218,A,6.14,A
USGS,02263800,2025-08-12,203,A,6.07,A
USGS,02263800,2025-08-13,178,A,5.92,A
USGS,02263800,2025-08-14,148,A,5.74,A
USGS,02263800,2025-08-15,122,A,5.57,A
USGS,02263800,2025-08-16,102,A,5.42,A
USGS,02263800,2025-08-17,89.1,A,5.31,A
USGS,02263800,2025-08-18,109,A:e,,
USGS,02263800,2025-08-19,176,A,5.91,A
USGS,02263800,2025-08-20,191,A,6.00,A
USGS,02263800,2025-08-21,190,A,5.99,A
USGS,02263800,2025-08-22,224,A,6.17,A
USGS,02263800,2025-08-23,327,A,6.64,A
USGS,02263800,2025-08-24,400,A,6.93,A
USGS,02263800,2025-08-25,358,A,6.77,A
USGS,02263800,2025-08-26,339,A,6.70,A
USGS,02263800,2025-08-27,308,A,6.57,A
USGS,02263800,2025-08-28,280,A,6.44,A
USGS,02263800,2025-08-29,341,A,6.70,A
USGS,02263800,2025-08-30,350,A,6.74,A
USGS,02263800,2025-08-31,343,A,6.71,A
USGS,02263800,2025-09-01,345,A,6.72,A
USGS,02263800,2025-09-02,313,A,6.59,A
USGS,02263800,2025-09-03,278,A,6.44,A
USGS,02263800,2025-09-04,248,A,6.29,A
USGS,02263800,2025-09-05,221,A,6.16,A
USGS,02263800,2025-09-06,193,A,6.01,A
USGS,02263800,2025-09-07,176,A,5.91,A
USGS,02263800,2025-09-08,284,A,6.45,A
USGS,02263800,2025-09-09,388,A,6.89,A
USGS,02263800,2025-09-10,404,A,6.95,A
USGS,02263800,2025-09-11,374,A,6.84,A
USGS,02263800,2025-09-12,346,A,6.72,A
USGS,02263800,2025-09-13,316,A,6.60,A
USGS,02263800,2025-09-14,280,A,6.45,A
USGS,02263800,2025-09-15,241,A,6.27,A
USGS,02263800,2025-09-16,206,A,6.09,A
USGS,02263800,2025-09-17,181,A,5.95,A
USGS,02263800,2025-09-18,160,A,5.83,A
USGS,02263800,2025-09-19,141,A,5.71,A
USGS,02263800,2025-09-20,129,A,5.63,A
USGS,02263800,2025-09-21,119,A,5.56,A
USGS,02263800,2025-09-22,109,A,5.49,A
USGS,02263800,2025-09-23,97.4,A,5.40,A
USGS,02263800,2025-09-24,84.6,A,5.29,A
USGS,02263800,2025-09-25,73.0,A,5.19,A
USGS,02263800,2025-09-26,64.0,A,5.10,A
USGS,02263800,2025-09-27,58.0,A,5.04,A
USGS,02263800,2025-09-28,57.3,A,5.04,A
USGS,02263800,2025-09-29,67.1,A,5.14,A
USGS,02263800,2025-09-30,64.7,A,5.12,A
USGS,02263800,2025-10-01,64.8,A,5.12,A
USGS,02263800,2025-10-02,70.7,A,5.18,A
USGS,02263800,2025-10-03,75.2,A,5.23,A
USGS,02263800,2025-10-04,87.7,A,5.33,A
USGS,02263800,2025-10-05,116,A,5.56,A
USGS,02263800,2025-10-06,150,A,5.80,A
USGS,02263800,2025-10-07,159,A,5.86,A
USGS,02263800,2025-10-08,174,A,5.95,A
USGS,02263800,2025-10-09,179,A,5.98,A
USGS,02263800,2025-10-10,175,A,5.96,A
USGS,02263800,2025-10-11,166,A,5.91,A
USGS,02263800,2025-10-12,154,A,5.84,A
USGS,02263800,2025-10-13,146,A,5.79,A
USGS,02263800,2025-10-14,138,A,5.74,A
USGS,02263800,2025-10-15,128,A,5.67,A
USGS,02263800,2025-10-16,116,A,5.59,A
USGS,02263800,2025-10-17,104,A,5.50,A
USGS,02263800,2025-10-18,94.9,A,5.43,A
USGS,02263800,2025-10-19,84.9,A,5.34,A
USGS,02263800,2025-10-20,73.0,A,5.23,A
USGS,02263800,2025-10-21,63.7,A,5.14,A
USGS,02263800,2025-10-22,56.9,A,5.07,A
USGS,02263800,2025-10-23,50.5,A,5.00,A
USGS,02263800,2025-10-24,44.8,A,4.94,A
USGS,02263800,2025-10-25,40.1,A,4.88,A
USGS,02263800,2025-10-26,36.7,A,4.83,A
USGS,02263800,2025-10-27,42.8,A,4.91,A
USGS,02263800,2025-10-28,79.2,A,5.31,A
USGS,02263800,2025-10-29,105,A,5.52,A
USGS,02263800,2025-10-30,144,A,5.80,A
USGS,02263800,2025-10-31,173,A,5.99,A
USGS,02263800,2025-11-01,180,A,6.03,A
USGS,02263800,2025-11-02,166,A,5.95,A
USGS,02263800,2025-11-03,144,A,5.81,A
USGS,02263800,2025-11-04,122,A,5.66,A
USGS,02263800,2025-11-05,102,A,5.51,A
USGS,02263800,2025-11-06,86.2,A,5.38,A
USGS,02263800,2025-11-07,74.8,A,5.28,A
USGS,02263800,2025-11-08,65.7,A,5.20,A
USGS,02263800,2025-11-09,61.1,A,5.15,A
USGS,02263800,2025-11-10,62.7,A,5.17,A
USGS,02263800,2025-11-11,55.6,A,5.10,A
USGS,02263800,2025-11-12,51.2,A,5.05,A
USGS,02263800,2025-11-13,48.7,A,5.02,A
USGS,02263800,2025-11-14,46.3,A,4.99,A
USGS,02263800,2025-11-15,43.8,A,4.96,A
USGS,02263800,2025-11-16,41.4,A,4.93,A
USGS,02263800,2025-11-17,39.1,A,4.91,A
USGS,02263800,2025-11-18,36.5,A,4.87,A
USGS,02263800,2025-11-19,33.7,A,4.83,A
USGS,02263800,2025-11-20,31.4,A,4.80,A
USGS,02263800,2025-11-21,29.8,A,4.78,A
USGS,02263800,2025-11-22,28.2,A,4.75,A
USGS,02263800,2025-11-23,26.7,A,4.73,A
USGS,02263800,2025-11-24,25.7,A,4.72,A
USGS,02263800,2025-11-25,24.5,A,4.70,A
USGS,02263800,2025-11-26,23.3,A,4.68,A
USGS,02263800,2025-11-27,22.7,A,4.67,A
USGS,02263800,2025-11-28,21.0,A,4.64,A
USGS,02263800,2025-11-29,19.9,A,4.62,A
USGS,02263800,2025-11-30,19.8,A,4.62,A
USGS,02263800,2025-12-01,19.6,A,4.62,A
USGS,02263800,2025-12-02,19.3,A,4.61,A
USGS,02263800,2025-12-03,19.8,A,4.62,A
USGS,02263800,2025-12-04,21.1,P,4.65,P
USGS,02263800,2025-12-05,21.7,P,4.66,P
USGS,02263800,2025-12-06,22.1,P,4.67,P
USGS,02263800,2025-12-07,40.0,P,4.90,P
USGS,02263800,2025-12-08,134,P,5.80,P
USGS,02263800,2025-12-09,151,P,5.90,P
USGS,02263800,2025-12-10,210,P,6.21,P
USGS,02263800,2025-12-11,276,P,6.51,P
USGS,02263800,2025-12-12,285,P,6.55,P
USGS,02263800,2025-12-13,250,P,6.40,P
USGS,02263800,2025-12-14,206,P,6.19,P
USGS,02263800,2025-12-15,166,P,5.98,P
USGS,02263800,2025-12-16,135,P,5.79,P
USGS,02263800,2025-12-17,111,P,5.62,P
USGS,02263800,2025-12-18,96.7,P,5.50,P
USGS,02263800,2025-12-19,86.3,P,5.41,P
USGS,02263800,2025-12-20,77.3,P,5.33,P
USGS,02263800,2025-12-21,70.3,P,5.27,P
USGS,02263800,2025-12-22,64.8,P,5.21,P
USGS,02263800,2025-12-23,59.9,P,5.16,P
USGS,02263800,2025-12-24,55.2,P,5.11,P
USGS,02263800,2025-12-25,51.2,P,5.07,P
USGS,02263800,2025-12-26,47.8,P,5.03,P
USGS,02263800,2025-12-27,45.0,P,4.99,P
USGS,02263800,2025-12-28,42.6,P,4.96,P
USGS,02263800,2025-12-29,40.3,P,4.93,P
USGS,02263800,2025-12-30,37.7,P,4.90,P
USGS,02263800,2025-12-31,34.0,P,4.84,P
USGS,02263800,2026-01-01,30.9,P,4.80,P
USGS,02263800,2026-01-02,28.9,P,4.77,P
USGS,02263800,2026-01-03,27.8,P,4.75,P
USGS,02263800,2026-01-04,30.9,P,4.80,P
USGS,02263800,2026-01-05,31.2,P,4.80,P
USGS,02263800,2026-01-06,31.5,P,4.81,P
USGS,02263800,2026-01-07,30.6,P,4.79,P
USGS,02263800,2026-01-08,29.8,P,4.78,P
USGS,02263800,2026-01-09,29.1,P,4.77,P
USGS,02263800,2026-01-10,28.1,P,4.75,P
USGS,02263800,2026-01-11,27.2,P,4.74,P
USGS,02263800,2026-01-12,26.4,P,4.73,P
USGS,02263800,2026-01-13,25.3,P,4.71,P
USGS,02263800,2026-01-14,23.8,P,4.68,P
USGS,02263800,2026-01-15,29.9,P,4.78,P
USGS,02263800,2026-01-16,33.9,P,4.84,P
USGS,02263800,2026-01-17,34.4,P,4.85,P
USGS,02263800,2026-01-18,33.4,P,4.83,P
USGS,02263800,2026-01-19,31.2,P,4.80,P
USGS,02263800,2026-01-20,29.2,P,4.77,P
USGS,02263800,2026-01-21,27.1,P,4.74,P
USGS,02263800,2026-01-22,25.2,P,4.70,P
USGS,02263800,2026-01-23,24.2,P,4.69,P
USGS,02263800,2026-01-24,23.2,P,4.67,P
USGS,02263800,2026-01-25,22.6,P,4.66,P
USGS,02263800,2026-01-26,21.8,P,4.64,P
USGS,02263800,2026-01-27,20.2,P,4.61,P
USGS,02263800,2026-01-28,20.3,P,4.62,P
USGS,02263800,2026-01-29,19.3,P,4.60,P
USGS,02263800,2026-01-30,18.6,P,4.58,P
USGS,02263800,2026-01-31,18.0,P,4.57,P
USGS,02263800,2026-02-01,16.6,P,4.54,P
USGS,02263800,2026-02-02,15.6,P,4.52,P
USGS,02263800,2026-02-03,14.8,P,4.50,P
USGS,02263800,2026-02-04,14.2,P,4.49,P
USGS,02263800,2026-02-05,14.3,P,4.49,P
USGS,02263800,2026-02-06,13.9,P,4.48,P
USGS,02263800,2026-02-07,13.7,P,4.47,P
USGS,02263800,2026-02-08,13.4,P,4.47,P
USGS,02263800,2026-02-09,12.8,P,4.45,P
USGS,02263800,2026-02-10,12.1,P,4.43,P
USGS,02263800,2026-02-11,11.5,P,4.42,P
USGS,02263800,2026-02-12,11.3,P,4.41,P
USGS,02263800,2026-02-13,11.2,P,4.41,P
USGS,02263800,2026-02-14,10.9,P,4.40,P
USGS,02263800,2026-02-15,10.7,P,4.40,P
USGS,02263800,2026-02-16,12.5,P,4.44,P
USGS,02263800,2026-02-17,15.5,P,4.51,P
USGS,02263800,2026-02-18,18.6,P,4.58,P
USGS,02263800,2026-02-19,22.2,P,4.65,P
USGS,02263800,2026-02-20,21.7,P,4.64,P
USGS,02263800,2026-02-21,19.3,P,4.59,P
USGS,02263800,2026-02-22,20.1,P,4.61,P
USGS,02263800,2026-02-23,19.7,P,4.60,P
USGS,02263800,2026-02-24,16.5,P,4.54,P
USGS,02263800,2026-02-25,14.0,P,4.48,P
USGS,02263800,2026-02-26,12.9,P,4.45,P
USGS,02263800,2026-02-27,12.3,P,4.44,P
USGS,02263800,2026-02-28,14.8,P,4.50,P
USGS,02263800,2026-03-01,14.8,P,4.50,P
USGS,02263800,2026-03-02,14.2,P,4.49,P
USGS,02263800,2026-03-03,13.8,P,4.48,P
USGS,02263800,2026-03-04,18.3,P,4.57,P
USGS,02263800,2026-03-05,20.1,P,4.61,P
USGS,02263800,2026-03-06,20.5,P,4.62,P
USGS,02263800,2026-03-07,20.0,P,4.61,P
USGS,02263800,2026-03-08,17.6,P,4.56,P
USGS,02263800,2026-03-09,17.2,P,4.55,P
USGS,02263800,2026-03-10,17.7,P,4.56,P
USGS,02263800,2026-03-11,16.2,P,4.53,P
USGS,02263800,2026-03-12,14.6,P,4.50,P
USGS,02263800,2026-03-13,15.4,P,4.51,P
USGS,02263800,2026-03-14,17.2,P,4.55,P
USGS,02263800,2026-03-15,23.9,P,4.67,P
USGS,02263800,2026-03-16,38.8,P,4.91,P
USGS,02263800,2026-03-17,47.9,P,5.03,P
USGS,02263800,2026-03-18,45.9,P,5.00,P
USGS,02263800,2026-03-19,44.5,P,4.99,P
USGS,02263800,2026-03-20,40.0,P,4.93,P
USGS,02263800,2026-03-21,34.3,P,4.85,P
USGS,02263800,2026-03-22,28.4,P,4.76,P
USGS,02263800,2026-03-23,22.8,P,4.66,P
USGS,02263800,2026-03-24,19.2,P,4.59,P
USGS,02263800,2026-03-25,17.7,P,4.56,P
USGS,02263800,2026-03-26,15.5,P,4.51,P
USGS,02263800,2026-03-27,13.5,P,4.47,P
USGS,02263800,2026-03-28,12.1,P,4.43,P
USGS,02263800,2026-03-29,13.1,P,4.46,P
USGS,02263800,2026-03-30,12.6,P,4.45,P
USGS,02263800,2026-03-31,11.3,P,4.41,P
USGS,02263800,2026-04-01,11.8,P,4.43,P
USGS,02263800,2026-04-02,15.4,P,4.51,P
USGS,02263800,2026-04-03,21.3,P,4.63,P
USGS,02263800,2026-04-04,18.9,P,4.59,P
USGS,02263800,2026-04-05,15.7,P,4.52,P
USGS,02263800,2026-04-06,59.1,P,5.09,P
USGS,02263800,2026-04-07,80.7,P,5.30,P
USGS,02263800,2026-04-08,73.5,P,5.23,P
USGS,02263800,2026-04-09,72.1,P,5.22,P
USGS,02263800,2026-04-10,72.0,P,5.21,P
USGS,02263800,2026-04-11,64.6,P,5.14,P
USGS,02263800,2026-04-12,54.6,P,5.03,P
USGS,02263800,2026-04-13,43.7,P,4.90,P
USGS,02263800,2026-04-14,34.7,P,4.78,P
USGS,02263800,2026-04-15,27.8,P,4.67,P
USGS,02263800,2026-04-16,22.6,P,4.58,P
USGS,02263800,2026-04-17,18.8,P,4.51,P
USGS,02263800,2026-04-18,16.2,P,4.45,P
USGS,02263800,2026-04-19,13.7,P,4.39,P
USGS,02263800,2026-04-20,11.5,P,4.33,P
USGS,02263800,2026-04-21,9.61,P,4.27,P
USGS,02263800,2026-04-22,7.76,P,4.21,P
USGS,02263800,2026-04-23,6.56,P,4.17,P
USGS,02263800,2026-04-24,6.40,P,4.16,P
USGS,02263800,2026-04-25,7.78,P,4.21,P
USGS,02263800,2026-04-26,9.40,P,4.26,P
USGS,02263800,2026-04-27,11.1,P,4.30,P
USGS,02263800,2026-04-28,11.7,P,4.31,P
USGS,02263800,2026-04-29,11.0,P,4.29,P
USGS,02263800,2026-04-30,10.2,P,4.27,P
USGS,02263800,2026-05-01,9.08,P,4.23,P
USGS,02263800,2026-05-02,7.63,P,4.19,P
USGS,02263800,2026-05-03,8.37,P,4.21,P
USGS,02263800,2026-05-04,10.6,P,4.27,P
USGS,02263800,2026-05-05,12.5,P,4.32,P
USGS,02263800,2026-05-06,12.3,P,4.31,P
USGS,02263800,2026-05-07,10.4,P,4.26,P
USGS,02263800,2026-05-08,8.09,P,4.18,P
USGS,02263800,2026-05-09,6.60,P,4.13,P
USGS,02263800,2026-05-10,6.28,P,4.12,P
USGS,02263800,2026-05-11,6.72,P,4.13,P
USGS,02263800,2026-05-12,10.4,P,4.23,P
USGS,02263800,2026-05-13,23.6,P,4.53,P
USGS,02263800,2026-05-14,32.6,P,4.67,P
USGS,02263800,2026-05-15,35.6,P,4.72,P
USGS,02263800,2026-05-16,35.0,P,4.70,P
USGS,02263800,2026-05-17,35.1,P,4.70,P
USGS,02263800,2026-05-18,31.8,P,4.65,P
USGS,02263800,2026-05-19,27.2,P,4.58,P
USGS,02263800,2026-05-20,22.7,P,4.50,P
USGS,02263800,2026-05-21,20.2,P,4.45,P
USGS,02263800,2026-05-22,16.6,P,4.37,P
USGS,02263800,2026-05-23,13.4,P,4.29,P
USGS,02263800,2026-05-24,26.4,P,4.55,P
USGS,02263800,2026-05-25,31.9,P,4.64,P
USGS,02263800,2026-05-26,32.4,P,4.64,P
USGS,02263800,2026-05-27,30.4,P,4.61,P
USGS,02263800,2026-05-28,31.1,P,4.62,P
USGS,02263800,2026-05-29,36.6,P,4.69,P
USGS,02263800,2026-05-30,41.9,P,4.76,P
USGS,02263800,2026-05-31,45.5,P,4.81,P
USGS,02263800,2026-06-01,46.5,P,4.82,P
USGS,02263800,2026-06-02,45.6,P,4.80,P
USGS,02263800,2026-06-03,43.2,P,4.77,P
USGS,02263800,2026-06-04,38.4,P,4.70,P
USGS,02263800,2026-06-05,33.3,P,4.63,P
USGS,02263800,2026-06-06,27.3,P,4.53,P
USGS,02263800,2026-06-13,32.4,P:e,,
USGS,02263800,2026-06-14,42.4,P:e,,
USGS,02263800,2026-06-15,43.6,P:e,,
USGS,02263800,2026-06-16,46.0,P:e,,
USGS,02263800,2026-06-17,37.7,P:e,,
USGS,02263800,2026-06-18,36.5,P,4.74,P
USGS,02263800,2026-06-19,39.8,P,4.78,P
USGS,02263800,2026-06-20,40.8,P,4.80,P
USGS,02263800,2026-06-21,43.2,P,4.83,P
USGS,02263800,2026-06-22,55.8,P,4.98,P
USGS,02263800,2026-06-23,56.8,P,4.99,P
USGS,02263800,2026-06-24,54.6,P,4.96,P
USGS,02263800,2026-06-25,55.8,P,4.98,P
USGS,02263800,2026-06-26,49.2,P,4.90,P
USGS,02263800,2026-06-27,41.9,P,4.81,P
USGS,02263800,2026-06-28,59.4,P,5.01,P
USGS,02263800,2026-06-29,66.0,P,5.09,P
USGS,02263800,2026-06-30,59.1,P,5.01,P
USGS,02263800,2026-07-01,68.5,P,5.11,P
USGS,02263800,2026-07-02,91.6,P,5.32,P
USGS,02263800,2026-07-03,135,P,5.64,P
USGS,02263800,2026-07-04,182,P,5.94,P
USGS,02263800,2026-07-05,179,P,5.92,P
USGS,02263800,2026-07-06,175,P,5.90,P
USGS,02263800,2026-07-07,174,P,5.89,P
USGS,02263800,2026-07-08,Eqp,P,Eqp,P
USGS,02263800,2026-07-09,Eqp,P,Eqp,P
USGS,02263800,2026-07-10,Eqp,P,Eqp,P
USGS,02263800,2026-07-11,90.7,P,5.31,P
USGS,02263800,2026-07-12,Eqp,P,Eqp,P
USGS,02263800,2026-07-13,85.0,P,5.26,P
USGS,02263800,2026-07-14,Eqp,P,Eqp,P
USGS,02263800,2026-07-15,Eqp,P,Eqp,P
USGS,02263800,2026-07-16,Eqp,P,Eqp,P
USGS,02263800,2026-07-17,127,P,5.59,P
USGS,02263800,2026-07-18,130,P,5.61,P
USGS,02263800,2026-07-19,122,P,5.56,P
USGS,02263800,2026-07-20,109,P,5.46,P
USGS,02263800,2026-07-21,93.9,P,5.34,P
USGS,02263800,2026-07-22,75.2,P,5.17,P
USGS,02263800,2026-07-23,60.6,P,5.03,P
