mukey,muname,cokey,compname,comppct_r,hydgrp,ksat_r,sandtotal_r,claytotal_r
1478686,Adamsville-Sparr fine sands,26574319,Adamsville,54,A,92.0,97.0,2.0
1478686,Adamsville-Sparr fine sands,26574320,Sparr,36,A/D,92.0,96.3,3.0
1478686,Adamsville-Sparr fine sands,26574321,Immokalee,10,A/D,92.0,97.0,2.0
1478687,"Arents, 0 to 5 percent slopes",26574322,Arents,100,A/D,92.0,96.3,3.0
1478689,"Astatula fine sand, 5 to 8 percent slopes",26574327,Astatula,97,A,210.0,97.0,2.0
1478689,"Astatula fine sand, 5 to 8 percent slopes",26574326,Paola,3,A,210.0,98.0,1.0
1478690,"Astatula-Apopka fine sands, 0 to 5 percent slopes",26574328,Astatula,65,A,210.0,97.0,2.0
1478690,"Astatula-Apopka fine sands, 0 to 5 percent slopes",26574329,Apopka,22,A,92.0,97.0,2.0
1478690,"Astatula-Apopka fine sands, 0 to 5 percent slopes",26574330,Tavares,7,A,92.0,97.0,2.0
1478690,"Astatula-Apopka fine sands, 0 to 5 percent slopes",26574331,Pomello,6,A,210.0,98.0,1.0
1478691,"Astatula-Apopka fine sands, 5 to 8 percent",26574334,Astatula,63,A,210.0,97.0,2.0
1478691,"Astatula-Apopka fine sands, 5 to 8 percent",26574335,Apopka,27,A,92.0,97.0,2.0
1478691,"Astatula-Apopka fine sands, 5 to 8 percent",26574332,Tavares,5,A,92.0,97.0,2.0
1478691,"Astatula-Apopka fine sands, 5 to 8 percent",26574333,Millhopper,5,A,92.0,95.0,4.0
1478693,Basinger and Delray fine sands,26574341,Basinger,60,A/D,92.0,97.0,2.0
1478693,Basinger and Delray fine sands,26574342,Delray,32,A/D,92.0,96.3,3.0
1478693,Basinger and Delray fine sands,26574339,Malabar,4,A/D,92.0,97.0,2.0
1478693,Basinger and Delray fine sands,26574340,Wabasso,4,C/D,9.0,97.0,2.0
1478694,"Basinger, Samsula, and Hontoon soils, depressional",26574343,Basinger,58,A/D,92.0,97.0,2.0
1478694,"Basinger, Samsula, and Hontoon soils, depressional",26574344,Samsula,15,A/D,92.0,,0.0
1478694,"Basinger, Samsula, and Hontoon soils, depressional",26574345,Hontoon,15,A/D,,,
1478694,"Basinger, Samsula, and Hontoon soils, depressional",26574346,Felda,3,A/D,23.0,96.0,3.0
1478694,"Basinger, Samsula, and Hontoon soils, depressional",26574350,EauGallie,3,A/D,23.0,97.0,2.0
1478694,"Basinger, Samsula, and Hontoon soils, depressional",26574347,Smyrna,2,A/D,23.0,97.0,2.0
1478694,"Basinger, Samsula, and Hontoon soils, depressional",26574348,Myakka,2,A/D,92.0,97.0,2.0
1478694,"Basinger, Samsula, and Hontoon soils, depressional",26574349,St. Johns,2,B/D,92.0,97.0,2.0
1478695,"Basinger and Smyrna fine sands, depressional",26574353,Basinger,63,A/D,92.0,97.0,2.0
1478695,"Basinger and Smyrna fine sands, depressional",26574354,Smyrna,28,A/D,23.0,97.0,2.0
1478695,"Basinger and Smyrna fine sands, depressional",26574351,EauGallie,5,A/D,23.0,97.0,2.0
1478695,"Basinger and Smyrna fine sands, depressional",26574352,Malabar,4,A/D,92.0,97.0,2.0
1478697,EauGallie and Immokalee fine sands,26574357,EauGallie,56,A/D,23.0,97.0,2.0
1478697,EauGallie and Immokalee fine sands,26574358,Immokalee,35,A/D,92.0,97.0,2.0
1478697,EauGallie and Immokalee fine sands,26574359,Malabar,9,A/D,92.0,97.0,2.0
1478699,"Felda and Manatee mucky fine sands, depressional",26574362,Felda,56,A/D,23.0,96.0,3.0
1478699,"Felda and Manatee mucky fine sands, depressional",26574363,Manatee,38,B/D,9.0,96.0,3.0
1478699,"Felda and Manatee mucky fine sands, depressional",26574364,Wabasso,3,C/D,9.0,97.0,2.0
1478699,"Felda and Manatee mucky fine sands, depressional",26574365,Delray,3,A/D,92.0,96.3,3.0
1478701,"Brighton, Samsula, and Sanibel mucks",26574372,Brighton,47,A/D,92.0,,0.0
1478701,"Brighton, Samsula, and Sanibel mucks",26574373,Samsula,35,A/D,92.0,,0.0
1478701,"Brighton, Samsula, and Sanibel mucks",26574374,Sanibel,15,A/D,92.0,,0.0
1478701,"Brighton, Samsula, and Sanibel mucks",26574375,Delray,2,A/D,92.0,96.3,3.0
1478701,"Brighton, Samsula, and Sanibel mucks",26574376,Basinger,1,A/D,92.0,97.0,2.0
1478702,"Malabar fine sand, 0 to 2 percent slopes",26574379,Malabar,85,A/D,91.74,98.0,1.0
1478702,"Malabar fine sand, 0 to 2 percent slopes",26574377,Valkaria,5,A/D,91.74,98.0,1.0
1478702,"Malabar fine sand, 0 to 2 percent slopes",26574380,Oldsmar,4,A/D,91.74,97.0,2.0
1478702,"Malabar fine sand, 0 to 2 percent slopes",26574381,Pineda,4,A/D,92.0,98.8,0.7
1478702,"Malabar fine sand, 0 to 2 percent slopes",26574378,Basinger,2,A/D,92.0,96.3,3.0
1478703,"Manatee, Floridana, and Holopaw soils, frequently flooded",26574382,Manatee,61,B/D,9.0,96.3,3.0
1478703,"Manatee, Floridana, and Holopaw soils, frequently flooded",26574383,Floridana,21,C/D,92.0,95.0,4.0
1478703,"Manatee, Floridana, and Holopaw soils, frequently flooded",26574384,Holopaw,15,A/D,92.0,96.3,3.0
1478703,"Manatee, Floridana, and Holopaw soils, frequently flooded",26574385,Basinger,3,A/D,92.0,97.0,2.0
1478704,Myakka and EauGallie fine sands,26574388,Myakka,58,A/D,92.0,97.0,2.0
1478704,Myakka and EauGallie fine sands,26574389,EauGallie,32,A/D,23.0,97.0,2.0
1478704,Myakka and EauGallie fine sands,26574386,Pompano,5,A/D,92.0,97.0,2.0
1478704,Myakka and EauGallie fine sands,26574387,Basinger,5,A/D,92.0,97.0,2.0
1478705,"Nittaw mucky fine sand, depressional",26574390,Nittaw,91,C/D,92.0,94.0,5.0
1478705,"Nittaw mucky fine sand, depressional",26574391,Basinger,9,A/D,92.0,97.0,2.0
1478707,"Nittaw, Okeelanta, and Basinger soils, frequently flooded",26574393,Nittaw,45,C/D,92.0,,0.0
1478707,"Nittaw, Okeelanta, and Basinger soils, frequently flooded",26574394,Okeelanta,34,A/D,,,
1478707,"Nittaw, Okeelanta, and Basinger soils, frequently flooded",26574395,Basinger,19,A/D,92.0,97.0,2.0
1478707,"Nittaw, Okeelanta, and Basinger soils, frequently flooded",26574396,Pompano,2,A/D,92.0,97.0,2.0
1478708,"Paola-St. Lucie sands, 0 to 5 percent slopes",26574398,Paola,52,A,210.0,98.0,1.0
1478708,"Paola-St. Lucie sands, 0 to 5 percent slopes",26574399,St. Lucie,43,A,210.0,99.0,0.5
1478708,"Paola-St. Lucie sands, 0 to 5 percent slopes",26574397,Tavares,5,A,92.0,97.0,2.0
1478709,"Pineda-Pineda, wet, fine sand, 0 to 2 percent slopes",26574406,Pineda,45,A/D,92.0,98.8,0.7
1478709,"Pineda-Pineda, wet, fine sand, 0 to 2 percent slopes",26574405,Pineda,40,A/D,92.0,98.8,0.7
1478709,"Pineda-Pineda, wet, fine sand, 0 to 2 percent slopes",26574402,Felda,6,A/D,91.74,97.0,2.0
1478709,"Pineda-Pineda, wet, fine sand, 0 to 2 percent slopes",26574403,Wabasso,3,A/D,91.74,98.3,1.1
1478709,"Pineda-Pineda, wet, fine sand, 0 to 2 percent slopes",26574404,Brynwood,2,B/D,20.0,94.0,1.0
1478709,"Pineda-Pineda, wet, fine sand, 0 to 2 percent slopes",26574400,Valkaria,2,A/D,91.74,98.0,1.0
1478709,"Pineda-Pineda, wet, fine sand, 0 to 2 percent slopes",26574401,Cypress Lake,2,A/D,9.17,98.0,1.0
1478710,"Udorthents, excavated",26574407,Udorthents,90,A,92.0,97.0,2.0
1478710,"Udorthents, excavated",26574408,Aquents,10,,,,
1478711,"Pomello fine sand, 0 to 5 percent slopes",26574409,Pomello,91,A,224.0,96.6,0.7
1478711,"Pomello fine sand, 0 to 5 percent slopes",26574410,Myakka,4,A/D,91.74,98.0,1.0
1478711,"Pomello fine sand, 0 to 5 percent slopes",26574411,EauGallie,2,A/D,91.74,96.8,2.5
1478711,"Pomello fine sand, 0 to 5 percent slopes",26574413,Basinger,2,A/D,92.0,98.4,0.4
1478711,"Pomello fine sand, 0 to 5 percent slopes",26574412,Sparr,1,A/D,91.74,96.3,3.0
1478712,"Pompano fine sand, occasionally flooded",26574415,Pompano,90,A/D,92.0,97.0,2.0
1478712,"Pompano fine sand, occasionally flooded",26574414,Nittaw,10,C/D,92.0,,0.0
1478713,St. Johns and EauGallie fine sands,26574416,St. Johns,57,B/D,92.0,97.0,2.0
1478713,St. Johns and EauGallie fine sands,26574417,EauGallie,36,B/D,23.0,97.0,2.0
1478713,St. Johns and EauGallie fine sands,26574418,Felda,7,A/D,23.0,96.0,3.0
1478714,"Seffner fine sand, 0 to 2 percent slopes",26574419,Seffner,85,A,91.74,96.8,2.5
1478714,"Seffner fine sand, 0 to 2 percent slopes",26574424,Ona,4,B/D,9.0,96.3,3.0
1478714,"Seffner fine sand, 0 to 2 percent slopes",26574421,Smyrna,3,A/D,28.23,97.9,1.5
1478714,"Seffner fine sand, 0 to 2 percent slopes",26574422,Pompano,3,A/D,91.74,98.0,1.0
1478714,"Seffner fine sand, 0 to 2 percent slopes",26574423,Adamsville,2,A,92.0,97.9,1.5
1478714,"Seffner fine sand, 0 to 2 percent slopes",26574425,Florahome,2,A,211.71,96.0,3.0
1478714,"Seffner fine sand, 0 to 2 percent slopes",26574420,Sparr,1,A,91.74,96.3,3.0
1478715,"Tavares-Millhopper fine sands, 0 to 5 percent slopes",26574431,Tavares,58,A,91.74,97.0,2.0
1478715,"Tavares-Millhopper fine sands, 0 to 5 percent slopes",26574432,Millhopper,32,A,91.74,94.0,5.0
1478715,"Tavares-Millhopper fine sands, 0 to 5 percent slopes",26574429,Candler,3,A,92.0,98.0,1.2
1478715,"Tavares-Millhopper fine sands, 0 to 5 percent slopes",26574430,Astatula,2,A,247.0,97.8,1.3
1478715,"Tavares-Millhopper fine sands, 0 to 5 percent slopes",26574426,Myakka,2,A/D,23.0,96.3,3.0
1478715,"Tavares-Millhopper fine sands, 0 to 5 percent slopes",26574428,Felda,2,A/D,28.23,98.0,1.0
1478715,"Tavares-Millhopper fine sands, 0 to 5 percent slopes",26574427,Pomello,1,A,141.14,97.0,2.0
1478718,"Urban land, 0 to 2 percent slopes",26574444,Urban land,85,,,,
1478718,"Urban land, 0 to 2 percent slopes",26574445,Matlacha,3,B,28.0,95.0,4.0
1478718,"Urban land, 0 to 2 percent slopes",26574452,St. Augustine,3,A,92.0,98.0,1.0
1478718,"Urban land, 0 to 2 percent slopes",26574453,Cypress Lake,1,A/D,9.17,98.0,1.0
1478718,"Urban land, 0 to 2 percent slopes",26574454,Brynwood,1,B/D,20.0,94.0,1.0
1478718,"Urban land, 0 to 2 percent slopes",26574446,Apopka,1,A,92.0,97.9,1.5
1478718,"Urban land, 0 to 2 percent slopes",26574447,Myakka,1,A/D,23.0,96.3,3.0
1478718,"Urban land, 0 to 2 percent slopes",26574448,Paola,1,A,247.0,98.0,1.0
1478718,"Urban land, 0 to 2 percent slopes",26574449,Pomello,1,A,141.14,97.0,2.0
1478718,"Urban land, 0 to 2 percent slopes",26574450,EauGallie,1,A/D,92.0,98.0,1.0
1478718,"Urban land, 0 to 2 percent slopes",26574451,Adamsville,1,A,92.0,97.9,1.5
1478718,"Urban land, 0 to 2 percent slopes",26574443,Immokalee,1,B/D,92.0,98.0,1.0
1478719,"Wabasso fine sand, 0 to 2 percent slopes",26574456,Wabasso,85,A/D,91.74,98.3,1.1
1478719,"Wabasso fine sand, 0 to 2 percent slopes",26574458,Myakka,4,A/D,23.0,96.3,3.0
1478719,"Wabasso fine sand, 0 to 2 percent slopes",26574461,Riviera,4,A/D,28.23,98.0,1.0
1478719,"Wabasso fine sand, 0 to 2 percent slopes",26574457,Basinger,3,A/D,92.0,98.0,1.0
1478719,"Wabasso fine sand, 0 to 2 percent slopes",26574459,Malabar,2,A/D,91.74,98.0,1.0
1478719,"Wabasso fine sand, 0 to 2 percent slopes",26574460,Pinellas,1,B/D,92.0,97.0,2.0
1478719,"Wabasso fine sand, 0 to 2 percent slopes",26574455,Felda,1,A/D,91.74,97.0,2.0
1478720,Water,26574462,Water,100,,,,
