datetime_utc,mrms_mm
2024-10-06 00:00:00+00:00,0.0
2024-10-06 01:00:00+00:00,0.0
2024-10-06 02:00:00+00:00,0.0
2024-10-06 03:00:00+00:00,0.0
2024-10-06 04:00:00+00:00,0.0
2024-10-06 05:00:00+00:00,0.0
2024-10-06 06:00:00+00:00,0.0
2024-10-06 07:00:00+00:00,0.0
2024-10-06 08:00:00+00:00,0.0555555559694767
2024-10-06 09:00:00+00:00,0.0
2024-10-06 10:00:00+00:00,0.0
2024-10-06 11:00:00+00:00,0.01666666753590107
2024-10-06 12:00:00+00:00,0.6555554866790771
2024-10-06 13:00:00+00:00,0.09999999403953552
2024-10-06 14:00:00+00:00,2.2555556297302246
2024-10-06 15:00:00+00:00,2.844444513320923
2024-10-06 16:00:00+00:00,2.3500001430511475
2024-10-06 17:00:00+00:00,1.1055556535720825
2024-10-06 18:00:00+00:00,1.3277777433395386
2024-10-06 19:00:00+00:00,1.3499999046325684
2024-10-06 20:00:00+00:00,0.3333333730697632
2024-10-06 21:00:00+00:00,2.6388885974884033
2024-10-06 22:00:00+00:00,1.3888888359069824
2024-10-06 23:00:00+00:00,3.972222328186035
2024-10-07 00:00:00+00:00,2.9166667461395264
2024-10-07 01:00:00+00:00,1.1999999284744263
2024-10-07 02:00:00+00:00,2.3500001430511475
2024-10-07 03:00:00+00:00,0.7611111402511597
2024-10-07 04:00:00+00:00,1.2333332300186157
2024-10-07 05:00:00+00:00,0.5722222924232483
2024-10-07 06:00:00+00:00,0.0
2024-10-07 07:00:00+00:00,0.33888891339302063
2024-10-07 08:00:00+00:00,0.49444442987442017
2024-10-07 09:00:00+00:00,0.5722222328186035
2024-10-07 10:00:00+00:00,1.5499999523162842
2024-10-07 11:00:00+00:00,3.7944440841674805
2024-10-07 12:00:00+00:00,0.9833332896232605
2024-10-07 13:00:00+00:00,0.8611111640930176
2024-10-07 14:00:00+00:00,1.2999999523162842
2024-10-07 15:00:00+00:00,0.03888888657093048
2024-10-07 16:00:00+00:00,0.855555534362793
2024-10-07 17:00:00+00:00,0.09444444626569748
2024-10-07 18:00:00+00:00,0.0
2024-10-07 19:00:00+00:00,0.0
2024-10-07 20:00:00+00:00,0.5722222328186035
2024-10-07 21:00:00+00:00,0.0
2024-10-07 22:00:00+00:00,0.6722221970558167
2024-10-07 23:00:00+00:00,0.0
2024-10-08 00:00:00+00:00,0.0
2024-10-08 01:00:00+00:00,0.0
2024-10-08 02:00:00+00:00,0.0
2024-10-08 03:00:00+00:00,0.07777778059244156
2024-10-08 04:00:00+00:00,0.0
2024-10-08 05:00:00+00:00,0.0
2024-10-08 06:00:00+00:00,0.0
2024-10-08 07:00:00+00:00,0.0
2024-10-08 08:00:00+00:00,0.0
2024-10-08 09:00:00+00:00,0.0
2024-10-08 10:00:00+00:00,0.0
2024-10-08 11:00:00+00:00,0.0
2024-10-08 12:00:00+00:00,0.0
2024-10-08 13:00:00+00:00,0.0
2024-10-08 14:00:00+00:00,0.0
2024-10-08 15:00:00+00:00,0.0
2024-10-08 16:00:00+00:00,0.0
2024-10-08 17:00:00+00:00,0.0
2024-10-08 18:00:00+00:00,0.0
2024-10-08 19:00:00+00:00,0.0
2024-10-08 20:00:00+00:00,0.0
2024-10-08 21:00:00+00:00,0.0
2024-10-08 22:00:00+00:00,0.0
2024-10-08 23:00:00+00:00,0.0
2024-10-09 00:00:00+00:00,0.0
2024-10-09 01:00:00+00:00,0.0
2024-10-09 02:00:00+00:00,0.0
2024-10-09 03:00:00+00:00,0.0
2024-10-09 04:00:00+00:00,0.0
2024-10-09 05:00:00+00:00,0.0
2024-10-09 06:00:00+00:00,0.0
2024-10-09 07:00:00+00:00,0.0
2024-10-09 08:00:00+00:00,0.9388888478279114
2024-10-09 09:00:00+00:00,0.01666666753590107
2024-10-09 10:00:00+00:00,0.12222222238779068
2024-10-09 11:00:00+00:00,0.6222222447395325
2024-10-09 12:00:00+00:00,1.5555557012557983
2024-10-09 13:00:00+00:00,1.4444444179534912
2024-10-09 14:00:00+00:00,1.6888890266418457
2024-10-09 15:00:00+00:00,2.9499998092651367
2024-10-09 16:00:00+00:00,1.5999999046325684
2024-10-09 17:00:00+00:00,6.638888835906982
2024-10-09 18:00:00+00:00,3.1777780055999756
2024-10-09 19:00:00+00:00,4.333333969116211
2024-10-09 20:00:00+00:00,6.905555248260498
2024-10-09 21:00:00+00:00,17.27777862548828
2024-10-09 22:00:00+00:00,22.483333587646484
2024-10-09 23:00:00+00:00,8.0
2024-10-10 00:00:00+00:00,2.950000047683716
2024-10-10 01:00:00+00:00,13.35555648803711
2024-10-10 02:00:00+00:00,11.494443893432617
2024-10-10 03:00:00+00:00,9.211111068725586
2024-10-10 04:00:00+00:00,19.41111183166504
2024-10-10 05:00:00+00:00,46.766666412353516
2024-10-10 06:00:00+00:00,22.594444274902344
2024-10-10 07:00:00+00:00,5.950000286102295
2024-10-10 08:00:00+00:00,8.561111450195312
2024-10-10 09:00:00+00:00,6.37777853012085
2024-10-10 10:00:00+00:00,2.8499999046325684
2024-10-10 11:00:00+00:00,3.5333335399627686
2024-10-10 12:00:00+00:00,3.844444751739502
2024-10-10 13:00:00+00:00,2.855555534362793
2024-10-10 14:00:00+00:00,0.33888888359069824
2024-10-10 15:00:00+00:00,0.6333333849906921
2024-10-10 16:00:00+00:00,0.0
2024-10-10 17:00:00+00:00,0.0
2024-10-10 18:00:00+00:00,0.0
2024-10-10 19:00:00+00:00,0.0
2024-10-10 20:00:00+00:00,0.0
2024-10-10 21:00:00+00:00,0.01666666753590107
2024-10-10 22:00:00+00:00,0.0
2024-10-10 23:00:00+00:00,0.0
